date,author,author_url,post_url,text_snippet,score,likes,comments
2025-11-08,Unknown,https://www.linkedin.com/in/hema-prabha-m?miniProfileUrn=urn%3Ali%3Afsd_profile%3AACoAADT6W80BKnVGfpRDD9lrmGNVg6jctBZWAnk,https://www.linkedin.com/feed/post/01fd599d49ea,ğŸš€ Weâ€™re Hiring: AI Engineer / Applied AI Developer (Full Time) ğŸ“ Location:Remote ğŸ•’ Type: Contract Are you passionate about building AI-powered applications and exploring the frontiers of Generative...,20,21,3
2025-11-08,Unknown,https://www.linkedin.com/in/alok-singh-29556a215?miniProfileUrn=urn%3Ali%3Afsd_profile%3AACoAADZdtxEBcaSU1rxT7kXHAKa8uDStjR32RLY,https://www.linkedin.com/feed/post/e49c79f96184,"ğŸš€ Weâ€™re looking for our Co-founder & CTO at OrderEye. Hiring!! Hiring!!ğŸš¨ ğŸš¨ ğ—”ğ—¯ğ—¼ğ˜‚ğ˜ ğ˜‚ğ˜€: OrderEye (ğ—™ğ—¼ğ˜‚ğ—»ğ—±ğ—²ğ—± ğ—¯ğ˜† ğ—œğ—œğ—§ & ğ—¡ğ—¬ğ—¨ ğ—”ğ—¹ğ˜‚ğ—ºğ—»ğ—¶) is an AI-powered technology platform that powers restaurants, grocery, and...",19,15,3
2025-11-08,Unknown,https://www.linkedin.com/in/alecchat?miniProfileUrn=urn%3Ali%3Afsd_profile%3AACoAAAWRdhABLkmhQ8s31Zk0GtyaQNgGBVVap78,https://www.linkedin.com/feed/post/6b3aa88bd10f,"Hey folks! Starting today, Iâ€™m kicking off a 14-day journey where Iâ€™ll break down key technical concepts every IT recruiter should know in simple, relatable terms. If youâ€™ve ever found yourself...",10,22,0
2025-11-08,Unknown,https://www.linkedin.com/in/vanshika-bharal-22vb?miniProfileUrn=urn%3Ali%3Afsd_profile%3AACoAAChJOpIB16499kUHfxP7CA-q5RuoqJN7kEY,https://www.linkedin.com/feed/post/52790cfe7533,Urgent Hiring: Full Stack Developer (React.js + Node.js) Iâ€™m looking for a Full Stack Developer for a one-time project on an urgent basis. If youâ€™re someone who can independently handle both frontend...,10,26,16
2025-11-08,Unknown,https://www.linkedin.com/in/tanvi-gaharwar-2a19222a2?miniProfileUrn=urn%3Ali%3Afsd_profile%3AACoAAEkbfRkBjDIBdHf3Z2XKxL9SxYSTlcRn00c,https://www.linkedin.com/feed/post/ac19135d026f,Iâ€™m hashtag #hiring. Know anyone who might be interested? ğŸ’¥ WE'RE HIRING: Senior Backend Engineer - AI Production Platform (3-5 Yrs) URGENT NEED: Seeking Immediate Joiners Only Join us in...,10,8,1
2025-11-08,Unknown,https://www.linkedin.com/in/baigtalha7?miniProfileUrn=urn%3Ali%3Afsd_profile%3AACoAABxctOgBDhBrZ3WWvhuPgQfQo_qKWOb_fz4,https://www.linkedin.com/feed/post/7afcfb85c76b,"ğŸ¯ ğ—§ğ—µğ—² ğ—›ğ—¶ğ—±ğ—±ğ—²ğ—» ğ—Ÿğ—®ğ˜†ğ—²ğ—¿ğ˜€ ğ—¼ğ—³ ğ—® ğ—ªğ—²ğ—¯ ğ——ğ—²ğ˜ƒğ—²ğ—¹ğ—¼ğ—½ğ—²ğ—¿â€™ğ˜€ ğ—–ğ—®ğ—¿ğ—²ğ—²ğ—¿ Behind every stunning website or web app lies an intricate web of roles, skills, and technologies all working in perfect harmony. ğŸ’¡ This image...",9,130,3
2025-11-08,Unknown,https://www.linkedin.com/in/harsh-khairajani-7078ab1ab?miniProfileUrn=urn%3Ali%3Afsd_profile%3AACoAADETiDcBJdCcfNPe5LiZf5FgSsrtFnkMGRg,https://www.linkedin.com/feed/post/de1b5ac7b224,"ğŸ¤– AI vs ğŸ§  ML â€” Simple & Clear for IT Professionals! AI (Artificial Intelligence): Systems that mimic human intelligence â€” they can reason, plan, and make decisions. ğŸ’¡ Example: A self-driving car...",9,2,1
2025-11-08,Unknown,https://www.linkedin.com/in/rohit-arvikar?miniProfileUrn=urn%3Ali%3Afsd_profile%3AACoAADw_MLwBQSE-SUTnxzJXPprFpbv1xDBN22o,https://www.linkedin.com/feed/post/9c344324ca54,"hashtag #OpenToWork Hi everyone! ğŸ‘‹ Iâ€™m currently exploring new career opportunities and would really appreciate your support. If you know of any openings or would like to connect, please feel free to...",9,17,2
2025-11-08,Unknown,https://www.linkedin.com/in/yash-s-67a188224?miniProfileUrn=urn%3Ali%3Afsd_profile%3AACoAADhETb4BBuYF361YjEiHoVzKFyca1DHzJSo,https://www.linkedin.com/feed/post/8433ade871bf,"ğŸš€ Open to New Opportunities! Hi everyone â€” Iâ€™m currently searching for a new role in tech and would really appreciate your support. Iâ€™m passionate about building scalable, high-quality software and...",8,15,2
2025-11-08,Unknown,https://www.linkedin.com/in/sukhmani1303?miniProfileUrn=urn%3Ali%3Afsd_profile%3AACoAACx1fu4BTpmJ5BYqQYkq_HCcYQI54UtG_XM,https://www.linkedin.com/feed/post/5ad3b6a1163c,"Iâ€™ve officially joined TheNoah.ai ğŸš€âœ¨ Beginning a new chapter as a ğ—™ğ—¼ğ˜‚ğ—»ğ—±ğ—¶ğ—»ğ—´ ğ—”ğ—œ ğ—˜ğ—»ğ—´ğ—¶ğ—»ğ—²ğ—²ğ—¿, Iâ€™m proud to work with Akash Sureka and the core team to bring this ambitious vision to life. Grateful for the...",8,140,44
2025-11-08,Unknown,https://www.linkedin.com/in/sakshiku945?miniProfileUrn=urn%3Ali%3Afsd_profile%3AACoAADetgC4B65IXD58fvEDiaiHlzvRdYaY-L7Y,https://www.linkedin.com/feed/post/904e3ffb5a91,Full-Stack Web Developer Roadmap! Want to become a Full-Stack Developer in 2025? Hereâ€™s your ultimate guide to mastering both frontend and backend â€” from basics to advanced concepts. Whether youâ€™re a...,7,495,27
2025-11-08,Unknown,https://www.linkedin.com/in/shwetank-karn-2244a2288?miniProfileUrn=urn%3Ali%3Afsd_profile%3AACoAAEXW6LwB4imwGRgdHaqvh7cWaYH0ExRTYXU,https://www.linkedin.com/feed/post/41c3d96a6228,"ğŸ”¹ When Google Roasts an Entire Profession in One Line ğŸ˜… I searched â€œFull Stack Developerâ€ on Google, and the result said: ğŸ‘‰ â€œA developer who is neither good at frontend nor backend.â€ Funny? Yes....",7,1308,27
2025-11-08,Unknown,https://www.linkedin.com/in/ivan-morales-sopena?miniProfileUrn=urn%3Ali%3Afsd_profile%3AACoAACa133YB9Cv1Y4HKUaENPspQelY0JnDzQIE,https://www.linkedin.com/feed/post/5f50355495a7,ğŸš€ New Chapter: Full-Stack AI Developer I've just documented a project spanning nearly a year: a scalable real-time communication platform with enterprise-grade architecture. ğŸ¯ What makes this...,7,5,1
2025-11-08,Unknown,https://www.linkedin.com/in/ranjeetsinghrandy?miniProfileUrn=urn%3Ali%3Afsd_profile%3AACoAAAQxO30BxTKwVHReGGLACYYwCu3YfdikSsY,https://www.linkedin.com/feed/post/66f06b0b79ff,ğŸš€ We're Hiring: Data & AI Platform Engineer (Remote) Join a high-impact team building AI-powered internal tools for a leading venture capital firm. ğŸ”¹ Role: Data & AI Platform Engineer ğŸ”¹ Location:...,7,8,1
2025-11-08,Unknown,https://www.linkedin.com/in/erik-lindblad-89a2a383?miniProfileUrn=urn%3Ali%3Afsd_profile%3AACoAABGpizYB9TuIkUyt4DVwV3bsK3TjBcsE7o0,https://www.linkedin.com/feed/post/10165ab92f4a,"A new chapter begins. ğŸ–¤ Extremly excited to officially launch the Inception Fund together with Oliver Molander, Caroline Cronstedt, and Peter Sarlin. Backed by some of the strongest New Nordic AI and...",6,387,140
2025-11-08,Unknown,https://www.linkedin.com/in/jayan-dholariya-5b3b48252?miniProfileUrn=urn%3Ali%3Afsd_profile%3AACoAAD52IVcBBFgGelMOlMva1qxctDdAynSxFV8,https://www.linkedin.com/feed/post/22b3e2357dec,"Iâ€™m Jayan Dholariya, a Senior PHP/Laravel Developer with 3+ years of experience building scalable web applications, RESTful APIs, and SaaS platforms. ğŸ’» Tech Expertise: âš™ï¸ Laravel | PHP 8+ | MySQL |...",6,5,0
2025-11-08,Unknown,https://www.linkedin.com/in/emmanuel-tejumola-9324851a1?miniProfileUrn=urn%3Ali%3Afsd_profile%3AACoAAC877vYBJUEB1i4uch4AJ-jVr5TrgaJB4Y8,https://www.linkedin.com/feed/post/3296b088c6d5,"When I started coding, I thought developer and engineer meant the same thing. They both write code, right? But over time, I realized something deeper, software development is about creation, while...",6,666,65
2025-11-08,Marian Lukavyi,https://www.linkedin.com/in/marianlukavyi?miniProfileUrn=urn%3Ali%3Afsd_profile%3AACoAACbfMXsBIbC8Y9Sn8EKwIgSAkRBcRLSGqQA,https://www.linkedin.com/feed/post/3cd90bc00ff7,"hashtag #job hashtag #react hashtag #backend hashtag #frontend ğŸš€ Ğ¨ÑƒĞºĞ°Ñ ĞºĞ¾Ğ¼Ğ°Ğ½Ğ´Ñƒ Ğ´Ğ»Ñ Ğ½Ğ¾Ğ²Ğ¾Ğ³Ğ¾ Ğ¿Ñ€Ğ¾Ñ”ĞºÑ‚Ñƒ (frontend/backend Ñ€Ğ¾Ğ·Ñ€Ğ¾Ğ±Ğ½Ğ¸ĞºĞ¸) Ğ¨ÑƒĞºĞ°Ñ Ğ»ÑĞ´ĞµĞ¹, ÑĞºÑ– Ñ…Ğ¾Ñ‡ÑƒÑ‚ÑŒ Ñ€Ğ°Ğ·Ğ¾Ğ¼ Ğ·Ğ°Ğ¿ÑƒÑÑ‚Ğ¸Ñ‚Ğ¸ Ğ¾Ğ´Ğ¸Ğ½ Ñ†Ñ–ĞºĞ°Ğ²Ğ¸Ğ¹ Ğ¿Ñ€Ğ¾Ñ”ĞºÑ‚ ğŸš€ ĞŸĞ¾Ñ‚Ñ€Ñ–Ğ±Ğ½Ñ–:...",6,18,5
2025-11-08,Unknown,https://www.linkedin.com/in/adityasrkrishnan?miniProfileUrn=urn%3Ali%3Afsd_profile%3AACoAAAU36cEBadFDFV1vO7B8KbxDhjOfJOSPePo,https://www.linkedin.com/feed/post/9b9e54726d83,Today's reality on hiring. Wake up call for tech aspirants ? A unique trend witnessed even during recruitments & project hiring especially for complex technology engagements. Among budding engineers...,6,98,6
2025-11-08,Unknown,https://www.linkedin.com/in/saeid-razipour?miniProfileUrn=urn%3Ali%3Afsd_profile%3AACoAABt2w38Bze9dFr7vC-8I36kJdFXQUIKYrLc,https://www.linkedin.com/feed/post/303e9bcd1b9b,Ø³Ù„Ø§Ù… Ø¨Ø± Ù…Ù„Øª Ù„ÛŒÙ†Ú©Ø¯ÛŒÙ† ÙØ§Ø±Ø³ÛŒ Ø¯Ù†Ø¨Ø§Ù„ Ú†Ù†Ø¯ØªØ§ Ù‡Ù… ØªÛŒÙ…ÛŒ Ù…ÛŒÚ¯Ø±Ø¯ÛŒÙ… Ø¨Ø±Ø§ÛŒ Ø¢ÙˆÛŒØ² â€¢ NLP Engineer â€¢ Backend Developer (SaaS) â€¢ Frontend Developer (React / Next.js) â€¢ Product Designer (UI/UX) Ø´Ø±Ú©Øª Ù…Ø§ ØªÙˆÛŒ Ù‡Ù„Ù†Ø¯ Ù‡Ø³ØªØ´ Ùˆ...,6,513,145
2025-11-08,Unknown,https://www.linkedin.com/in/sai-sree-ram-putta?miniProfileUrn=urn%3Ali%3Afsd_profile%3AACoAACulhq8Byd9G6dd1TLtnMEVp79sYMtlAkmI,https://www.linkedin.com/feed/post/452437c94742,"ğŸ”¹ Juspay â€“ Software Development Engineer (Backend) ğŸ›  Role: Backend Developer ğŸ“ Location: Bangalore, India ğŸ’¼ Experience: 1+ years preferred ğŸ“„ Apply here: https://lnkd.in/gC6tdPs5...",6,160,22
2025-11-08,Unknown,https://www.linkedin.com/in/akash-kumar-93129b230?miniProfileUrn=urn%3Ali%3Afsd_profile%3AACoAADm1AHUB9NKVMAhoQnn95L3yuAobOa55Aw0,https://www.linkedin.com/feed/post/683af9da3509,"ğŸ‘‹ Hi LinkedIn Fam! One of my friends is hiring for a Frontend Developer role ğŸš€ If youâ€™re passionate about building modern, responsive, and high-performing web applications â€” this could be the right...",6,13,3
2025-11-08,Unknown,https://www.linkedin.com/in/shobhit78?miniProfileUrn=urn%3Ali%3Afsd_profile%3AACoAAD9jeDcBMGWZtVYRLGNHy18v7roatQluZWc,https://www.linkedin.com/feed/post/e219f45f5ce1,"ğŸš€ Weâ€™re Hiring â€“ Frontend Developer at Nextora Labs this is my personal company startup phase 1 Hey Everyone ğŸ‘‹ Weâ€™re building something big project, a next-generation scheduling and appointment...",6,49,19
2025-11-08,Unknown,https://www.linkedin.com/in/shrikant-gupta-sanky?miniProfileUrn=urn%3Ali%3Afsd_profile%3AACoAACKFaFoBPUENPIhZJLjBKWtPPumiyrmkKMg,https://www.linkedin.com/feed/post/35e629e17ee5,"We at IRISS, Inc. are on the lookout for a talented Full Stack Engineer for Bengaluru location to drive backend and full-stack delivery for our multi-tenant SaaS platform. You'll help shape resilient...",6,0,0
2025-11-08,Lavisha B. Chaudhary,https://www.linkedin.com/in/lavisha-b-chaudhary-726b0a9a?miniProfileUrn=urn%3Ali%3Afsd_profile%3AACoAABUqa44BjjO8cibv9nFTctmfd1XkHy2cnFI,https://www.linkedin.com/feed/post/b22bc2456903,"ğŸš€ Weâ€™re Hiring: Lead Fullstack Engineer! Are you passionate about building scalable, high-performance applications? Join us as a Lead Fullstack Engineer and make an impact! âœ… Must Have Skills: C#,...",6,18,5
2025-11-08,Unknown,https://www.linkedin.com/in/shubham-jain-112ab2167?miniProfileUrn=urn%3Ali%3Afsd_profile%3AACoAACfZ8R4BDhlQ5upK0_LyTJXf3HMnWpSryog,https://www.linkedin.com/feed/post/31eb8f282c65,"Dear hashtag #Folks, Greetings from hashtag #NinjaTech, ğŸ…·ğŸ…¸ğŸ†ğŸ…¸ğŸ…½ğŸ…¶ ğŸ…°ğŸ…»ğŸ…´ğŸ†ğŸ†ƒ ğŸ“¢ If you are looking for a change or looking for new hashtag #opportunities, then hashtag #NinjaTech is hiring for hashtag #Sr....",6,11,5
2025-11-08,Unknown,https://www.linkedin.com/in/arvind-katara-16194931b?miniProfileUrn=urn%3Ali%3Afsd_profile%3AACoAAFEenZkB804kgK0uUqc9jrpM6g-zuF7tlEM,https://www.linkedin.com/feed/post/4c2057edad18,"Dear hashtag #Folks, Greetings from hashtag #NinjaTech, ğŸ…·ğŸ…¸ğŸ†ğŸ…¸ğŸ…½ğŸ…¶ ğŸ…°ğŸ…»ğŸ…´ğŸ†ğŸ†ƒ ğŸ“¢ If you are looking for a change or looking for new hashtag #opportunities, then hashtag #NinjaTech is hiring for hashtag #Sr....",6,13,4
2025-11-08,Unknown,https://www.linkedin.com/in/vidyasagar-narra-us?miniProfileUrn=urn%3Ali%3Afsd_profile%3AACoAAFarbnIBS76eIrfyiiyhJam5fiQNNGK3FJE,https://www.linkedin.com/feed/post/da2b701d85c7,"Role: Full Stack Developer(Java + ReactJS) Location: Irving, Tx - onsite Rate: $55 Max (No Negotiation) Note: Share DL & PP No along with resume Please share resume at vidyasagar@iqubeinc.com Job...",6,13,31
2025-11-08,Unknown,https://www.linkedin.com/in/artemis-artemi-aa576a103?miniProfileUrn=urn%3Ali%3Afsd_profile%3AACoAABpGc50B3kDF9RtrtdhCTPBLrLZF6lK-QA0,https://www.linkedin.com/feed/post/2f3c782c88e9,ğŸ’¡ AI Term of the Day: Machine Learning Machine Learning (ML) is the part of AI that helps computers learn from data instead of being told exactly what to do. ğŸ“ŠğŸ¤– ğŸ“˜ Example: If you show an AI thousands...,6,3,0
2025-11-08,Hanna Pylieva,https://www.linkedin.com/in/hanna-pylieva/,https://www.linkedin.com/feed/post/10f7ab348e23,"ĞœĞ¸ Ğ²Ñ–Ğ´ĞºÑ€Ğ¸Ğ²Ğ°Ñ”Ğ¼Ğ¾ Ğ°Ğ½ĞºĞµÑ‚Ñƒ Ğ¿ĞµÑ€ĞµĞ´Ğ·Ğ°Ğ¿Ğ¸ÑÑƒ Ğ½Ğ° Machine Learning Ğ´Ğ»Ñ Ğ»ÑĞ´ĞµĞ¹ 4.0 ğŸ¤© Ğ¢Ğ¾Ğ¼Ñƒ Ñ‰Ğµ Ñ€Ğ°Ğ· Ğ²Ñ–Ğ´Ğ¿Ğ¾Ğ²Ñ–Ğ´Ğ°Ñ”Ğ¼Ğ¾ Ğ½Ğ° Ğ½Ğ°Ğ¹Ğ¿Ğ¾Ğ¿ÑƒĞ»ÑÑ€Ğ½Ñ–ÑˆÑ– Ğ¿Ğ¸Ñ‚Ğ°Ğ½Ğ½Ñ Ğ¿Ñ€Ğ¾ ĞºÑƒÑ€Ñ, ÑĞºÑ‰Ğ¾ Ñ€Ğ°Ğ¿Ñ‚Ğ¾Ğ¼ Ğ²Ğ¸ Ñ‰Ğ¾ÑÑŒ Ğ¿Ñ€Ğ¾Ğ¿ÑƒÑÑ‚Ğ¸Ğ»Ğ¸. ĞÑ‚Ğ¶Ğµ ğŸ‘‡ âœ”ï¸ ĞšĞ¾Ğ¼Ñƒ Ğ¿Ñ–Ğ´Ñ…Ğ¾Ğ´Ğ¸Ñ‚ÑŒ ĞºÑƒÑ€Ñ? Ğ¢Ğ¸Ğ¼,...",6,3,1
2025-11-08,Unknown,https://www.linkedin.com/in/dhananjayseth0612?miniProfileUrn=urn%3Ali%3Afsd_profile%3AACoAABrlNOsBv6za7gT4Cw1X627EXimna03IWVc,https://www.linkedin.com/feed/post/95a7cac0c849,hashtag #Hiring hashtag #MLOps hashtag #MachineLearningEngineer hashtag #Databricks hashtag #MLflow hashtag #AWS hashtag #DataScience hashtag #Python hashtag #AIJobs hashtag #RemoteJobs We are hiring...,6,6,2
2025-11-08,Unknown,https://www.linkedin.com/in/mohammedafsal786?miniProfileUrn=urn%3Ali%3Afsd_profile%3AACoAACzJKnwBkFoK6srAh66gHB0riVPaQ43dPlM,https://www.linkedin.com/feed/post/848e220c0d5f,"In the ongoing debate between Data Analysts and Data Scientists, the roles and contributions of each are often compared. Let's delve into the distinctions **Data Analyst** - Transforms raw data into...",6,5,1
2025-11-08,Unknown,https://www.linkedin.com/in/jayakrishnangk?miniProfileUrn=urn%3Ali%3Afsd_profile%3AACoAAAM4QqIBMWwrCK5okDgu1paW_zScTf7MSuk,https://www.linkedin.com/feed/post/3ab7f7cbd61e,Weâ€™re hashtag #hiring Backend Engineers at Eagle Eye Networks â€“ Bangalore (Indiranagar)! ğŸš€ Join our AI Engineering team building global-scale video intelligence â€” powering features like Vehicle...,6,23,1
2025-11-08,Unknown,https://www.linkedin.com/in/sehaj-virk-860375187?miniProfileUrn=urn%3Ali%3Afsd_profile%3AACoAACwDsYgB2nAByGJQQqh9aEcBJmwgUUAeFk0,https://www.linkedin.com/feed/post/c537bda70b82,"ğŸš€Weâ€™re expanding the API team at Sarvam! If youâ€™re passionate about building high-performance backend systems for large-scale AI models, this is your chance to work at the core of Indiaâ€™s generative...",6,107,3
2025-11-08,Unknown,https://www.linkedin.com/in/simi-mol-a03064150?miniProfileUrn=urn%3Ali%3Afsd_profile%3AACoAACRQxqMBlbqUDPXYxbkBP7skgUEmMDFB6Ys,https://www.linkedin.com/feed/post/b65b858f2c94,"Weâ€™re Hiring: Senior Golang Engineer | Trivandrum (Onsite) At Armada, weâ€™re building cutting-edge edge computing infrastructure that powers real-time AI and analytics in the worldâ€™s most remote and...",6,19,3
2025-11-08,Unknown,https://www.linkedin.com/in/narmadha-sriya-72931a232?miniProfileUrn=urn%3Ali%3Afsd_profile%3AACoAADoRXJEB4rx5RQ_p2xPzJolZfdC7fxbsJ8g,https://www.linkedin.com/feed/post/1c33fbe9692f,We are still hashtag #hiring! hashtag #Senior hashtag #Software hashtag #Engineer â€“ hashtag #Python & hashtag #Django Know anyone who might be interested? ğŸ’¼ Weâ€™re Hiring: Senior Python developer /...,6,14,5
2025-11-08,Unknown,https://www.linkedin.com/in/surya-gupta-ai?miniProfileUrn=urn%3Ali%3Afsd_profile%3AACoAAD5W8jcBVd6jeKse1x9RKORiISYekf7OUa0,https://www.linkedin.com/feed/post/258b440285ec,"ğŸš€ Weâ€™re Hiring Core Web3 Founding Interns! (ğŸ’° Paid | ğŸ¢ On-site in Gurgaon) Are you passionate about Web3, Blockchain, and Startup Building from Day Zero? This is your chance to join a fast-growing...",6,18,14
2025-11-08,Unknown,https://www.linkedin.com/in/ash-upadhya?miniProfileUrn=urn%3Ali%3Afsd_profile%3AACoAAAxKIwMBbhBiVX9WDiZuw8AIX5rL4cUtF8E,https://www.linkedin.com/feed/post/92209df4ec97,"ğŸ¯ Hiring Founding Engineers for aYC-backed Conversational AI Rocketship! ğŸ¯ We're on a mission to set the gold standard for trustworthy voice & text AI agent testingâ€”already trusted by Fortune 500s,...",6,8,1
2025-11-08,Unknown,https://www.linkedin.com/in/ibankatesh?miniProfileUrn=urn%3Ali%3Afsd_profile%3AACoAAB8XO4cBxjoYf6T24oohAeB5QiJvVn6HIOc,https://www.linkedin.com/feed/post/f4bb253857b2,Weâ€™re hashtag #Hiring at Pine Labs Weâ€™re looking for Senior ML Engineers and Senior Data Scientists (5+ years of experience) to join our AI Research Team - building the next generation of intelligent...,6,58,4
2025-11-08,Unknown,https://www.linkedin.com/in/snehal-choure-6b090a164?miniProfileUrn=urn%3Ali%3Afsd_profile%3AACoAACdKM2QBnEqG-nO5orA9qyuQ7NabDRpU6LI,https://www.linkedin.com/feed/post/da7e76a00d17,"""The Hardest Part of Hiring Isnâ€™t Hiring"" You know whatâ€™s the hardest part of hiring? Itâ€™s not sourcing. Itâ€™s not screening. Itâ€™s not even convincing someone to accept an offer. Itâ€™s keeping the...",5,65,9
2025-11-08,Unknown,https://www.linkedin.com/in/shinkevin?miniProfileUrn=urn%3Ali%3Afsd_profile%3AACoAAAESFqUBvB3jGyi7LHe-UV7z6bqt_PzlAH0,https://www.linkedin.com/feed/post/4c4cf8de7e5d,ğŸ”¥ Iâ€™m hiring. You're applying. And yetâ€”I still canâ€™t fill the role. Thatâ€™s when I realized something important: ğŸ‘‰ Job seekers are saying â€œNo one is giving me a chance.â€ ğŸ‘‰ Hiring managers are saying...,5,91,34
2025-11-08,Unknown,https://www.linkedin.com/in/ammar-bitar0?miniProfileUrn=urn%3Ali%3Afsd_profile%3AACoAAC5NaGQB48y_x7Xd0Cz99Wo1BBkOdwpZinU,https://www.linkedin.com/feed/post/26dfd66f190d,Ù…Ø±Ø­Ø¨Ù‹Ø§ Ø¨Ø§Ù„Ø¬Ù…ÙŠØ¹. Ø£Ø¨Ø­Ø« Ø¹Ù† ÙˆØ¸ÙŠÙØ© Ø¬Ø¯ÙŠØ¯Ø© ÙˆØ³Ø£ÙƒÙˆÙ† Ù…Ù…ØªÙ†Ù‹Ø§ Ù„Ø¯Ø¹Ù…ÙƒÙ…. Ø¥Ø°Ø§ Ø³Ù…Ø¹ØªÙ… Ø¹Ù† Ø£ÙŠ ÙØ±Øµ Ù…Ù‡Ù†ÙŠØ© Ø£Ùˆ Ø¥Ø°Ø§ ÙƒÙ†ØªÙ… ØªØ±ØºØ¨ÙˆÙ† ÙÙ‚Ø· ÙÙŠ Ø§Ù„Ø§Ø·Ù„Ø§Ø¹ Ø¹Ù„Ù‰ Ø¢Ø®Ø± Ø§Ù„Ù…Ø³ØªØ¬Ø¯Ø§ØªØŒ ÙÙŠÙØ±Ø¬Ù‰ Ø¥Ø±Ø³Ø§Ù„ Ø±Ø³Ø§Ù„Ø© Ø£Ùˆ ÙƒØªØ§Ø¨Ø© ØªØ¹Ù„ÙŠÙ‚ Ø£Ø¯Ù†Ø§Ù‡. Ø£Ø±ØºØ¨ ÙÙŠ Ø§Ù„ØªÙˆØ§ØµÙ„ Ù…Ø¹ÙƒÙ…...,5,12,2
2025-11-08,Unknown,https://www.linkedin.com/in/robinnsinghhh?miniProfileUrn=urn%3Ali%3Afsd_profile%3AACoAADCe5ksBLXFtRCf29rb2l9pF-cfAyGHg_hU,https://www.linkedin.com/feed/post/35e0ab071943,"We are hiring at Simform! Hiring: Technical Support Engineer (L1) Location: Ahmedabad (Remote) Experience: 2+ Years We are looking for a Technical Support Engineer to handle support tickets,...",5,3,0
2025-11-08,Unknown,https://www.linkedin.com/in/dmgorbunov?miniProfileUrn=urn%3Ali%3Afsd_profile%3AACoAAAJOkRQBCO4V1ARYgsdLGeVT8TSMN4ewdB0,https://www.linkedin.com/feed/post/d3eb0ed03931,"I will forever insist that ""engineer"" IS the main word in ""QA Engineer"" pair. True engineer is to solve problems. Some engineers happen to focus on quality management - a fair thing, a decent...",5,39,3
2025-11-08,Unknown,https://www.linkedin.com/in/sundar-s-8666911bb?miniProfileUrn=urn%3Ali%3Afsd_profile%3AACoAADMuHI4BmRfpFxhYLAVX36FNZaA-qCPnMRM,https://www.linkedin.com/feed/post/789063acb82d,"ğŸ¬ We're Hiring: Video Editor + Graphic Designer. Join Our Founding Team We're building something special from scratch, and we're looking for someone who dreams of building alongside us someone who...",5,29,6
2025-11-08,Unknown,https://www.linkedin.com/in/saranyahr?miniProfileUrn=urn%3Ali%3Afsd_profile%3AACoAAAFsqZMB9kQZ6FufrENvjwYvqBAm8R-ZrV0,https://www.linkedin.com/feed/post/d5140ea7123b,ğŸš€ Weâ€™re Hiring: C/C++ / GoLang Developer (exp 8+yrs .immediate joiner Remote Opportunity India) Weâ€™re looking for an experienced Backend Engineer (8â€“12 years) with strong GoLang (5+ years) expertise...,5,22,3
2025-11-08,Unknown,https://www.linkedin.com/in/jagdish-dangi-62112b11a?miniProfileUrn=urn%3Ali%3Afsd_profile%3AACoAAB2QG7kBmoqUNu9Cm4UtIq5bHE09ZZy62vM,https://www.linkedin.com/feed/post/a4e40af97a3a,Hey everyone Looking for react backend and frontend allrounder developer for work on an web app on freelance basis for an international project. Things must know before connect: - Must has fulent...,5,11,9
2025-11-08,Unknown,https://www.linkedin.com/in/swadesh-kumar?miniProfileUrn=urn%3Ali%3Afsd_profile%3AACoAADMz5tkB3y81DUwtI5oNDIbvprAD6pGdgCU,https://www.linkedin.com/feed/post/ad23cfdc3810,hashtag #hiring hashtag #sde hashtag #backend JUSPAY is hiring Software Development Engineer - Backend Experience : 1-3 years Expected Salary : 15-20 LPA Apply link (Career Page) :...,5,151,21
2025-11-08,Unknown,https://www.linkedin.com/in/rajesh-k-15988423a?miniProfileUrn=urn%3Ali%3Afsd_profile%3AACoAADuS49UBB7mNmNBhGmsTkV-USFX2b_IUnAI,https://www.linkedin.com/feed/post/06b2279924c8,"ğŸ¨ Hiring: Frontend Developer (ReactJS) - FTE ğŸ“ Location: (Pan India) ğŸ’¼ Experience: 5â€“9 years ğŸ’¼Notice period : Immediate joiner only ğŸ†” Openings: 10 Key Skills: ReactJS (Hooks, Redux, latest features)...",5,13,3
2025-11-08,Unknown,https://www.linkedin.com/in/sagarkommula?miniProfileUrn=urn%3Ali%3Afsd_profile%3AACoAAANgmGgBgylsITMzVg0nvt7vbo6PFJUX6u8,https://www.linkedin.com/feed/post/edcf6f2eebcc,Engineering Manager- Fullstack Hiring Join our Checkout Engineering team as a Fullstack Engineering Manager and lead the development of software that powers PayPal's core checkout experience. What...,5,58,3
2025-11-08,Unknown,https://www.linkedin.com/in/vatsalgl?miniProfileUrn=urn%3Ali%3Afsd_profile%3AACoAACAuVhoBkrAXc2ZBrz8xsdgP0L8UY-VxxXY,https://www.linkedin.com/feed/post/572003aabb64,"We're expanding our team at Galileo India and looking to hire 2 new data scientists. At Galileo, we lead the way in LLM evals, and our ADS Team plays a crucial role in developing all the AI...",5,69,7
2025-11-08,Unknown,https://www.linkedin.com/in/imhetvishah?miniProfileUrn=urn%3Ali%3Afsd_profile%3AACoAACd7ZAIBxoEuPRy1YLmd6XmDu2bmj51pdFI,https://www.linkedin.com/feed/post/de4bf76d036e,ğ—§ğ—µğ—² ğ—›ğ—¶ğ—±ğ—±ğ—²ğ—» ğ—Ÿğ—®ğ˜†ğ—²ğ—¿ğ˜€ ğ—¼ğ—³ ğ—® ğ——ğ—®ğ˜ğ—® ğ—¦ğ—°ğ—¶ğ—²ğ—»ğ—°ğ—² ğ—–ğ—®ğ—¿ğ—²ğ—²ğ—¿ Behind every Data Scientist lies a network of roles and tools that turn raw data into real-world impact. This image perfectly captures the hierarchy and...,5,85,4
2025-11-08,Unknown,https://www.linkedin.com/in/hamza-alattas?miniProfileUrn=urn%3Ali%3Afsd_profile%3AACoAACqNm3cBUYP5u6GgfsWe6nuHfLIFsxuNYD0,https://www.linkedin.com/feed/post/896978bec958,"ğŸ” Data Analyst vs. Data Scientist â€” Understanding the Difference In todayâ€™s data-driven world, both Data Analysts and Data Scientists play essential roles in helping organizations make smarter...",5,7,0
2025-11-08,Ritiksha Barolia,https://www.linkedin.com/in/ritikshabarolia12?miniProfileUrn=urn%3Ali%3Afsd_profile%3AACoAACqYZskBv04W4DLdxOd2fu8mAHCDY29CWAw,https://www.linkedin.com/feed/post/014c70382af7,"Hi hashtag #Connections, EZ is seeking Backend Engineer to join our Technology Team. 1-3 years of experience in Python, Backend Framework (Preferred Django, FastAPI), DSA is required. Location:...",5,30,4
2025-11-08,Unknown,https://www.linkedin.com/in/anuraggangrade?miniProfileUrn=urn%3Ali%3Afsd_profile%3AACoAACV4PxsBUeMnQ4cPdxsoS6KnVRXPHMt5TwQ,https://www.linkedin.com/feed/post/2ef9920bfb66,"ğŸš€ Weâ€™re Hiring â€“ Backend Engineer Intern! Reposting for more reach! Join Jungle Technologyâ€™s exciting team and work on real-world backend challenges in a fast-paced, innovative environment. ğŸ“© Email...",5,35,13
2025-11-08,Unknown,https://www.linkedin.com/in/prathyusha-m-506397120?miniProfileUrn=urn%3Ali%3Afsd_profile%3AACoAAB307xYBf0f8MIoOvcdB_b90pC7L84qqud8,https://www.linkedin.com/feed/post/6c239cb7745d,"Iâ€™m hashtag #hiring. Know anyone who might be interested for AI Solution Architect!! ğŸš€ Join our expanding AI team in Gachibowli, Hyderabad! Be part of a dynamic group shaping the future of next-gen...",5,5,1
2025-11-08,Unknown,https://www.linkedin.com/in/aayush-rahangdale-855040331?miniProfileUrn=urn%3Ali%3Afsd_profile%3AACoAAFN6GMEB_gRXUNKlD2IJzLdUzcHu4JEuVE8,https://www.linkedin.com/feed/post/176a2df94681,"Most People Take Months to Find a Remote Job. So I compiled the best remote job websites for you. Whether you're a freelancer, a digital nomad, or simply looking for more flexibility, these sites...",4,215,15
2025-11-08,Shruti Mundhra,https://www.linkedin.com/in/shruti-mundhra-84982a246?miniProfileUrn=urn%3Ali%3Afsd_profile%3AACoAADz9qjkBKuyJhglI1DdThCemhMtEFUE7UUo,https://www.linkedin.com/feed/post/a33b1286d21d,"ğŸš¨ Job Seekers! I wanted to share something important that might help many job seekers out there. Recently, I applied for the position of HR Interviewing Executive at a company named Vedanta AI...",4,76,6
2025-11-08,Unknown,https://www.linkedin.com/in/nivachakraborty?miniProfileUrn=urn%3Ali%3Afsd_profile%3AACoAADdIkBUBhRHc5B1_26yMlHeYtwX_BHOJQYI,https://www.linkedin.com/feed/post/03bcbe4a2f51,ğŸš«Stop dropping â€œğ—œâ€™ğ—º ğ—¶ğ—»ğ˜ğ—²ğ—¿ğ—²ğ˜€ğ˜ğ—²ğ—±â€ under every hiring post you come across. Youâ€™re not applying for a role â€” youâ€™re unknowingly boosting someoneâ€™s engagement metrics. Every day I see posts saying:...,4,591,87
2025-11-08,Unknown,https://www.linkedin.com/in/ayman-alhakimi-600931247?miniProfileUrn=urn%3Ali%3Afsd_profile%3AACoAAD0vGSABebNwY8sBbgY8QKnwbLWA5OSiNns,https://www.linkedin.com/feed/post/0cb458527525,Ù…Ø±Ø­Ø¨Ù‹Ø§ Ø¨Ø§Ù„Ø¬Ù…ÙŠØ¹. Ø£Ø¨Ø­Ø« Ø¹Ù† ÙˆØ¸ÙŠÙØ© Ø¬Ø¯ÙŠØ¯Ø© ÙˆØ³Ø£ÙƒÙˆÙ† Ù…Ù…ØªÙ†Ù‹Ø§ Ù„Ø¯Ø¹Ù…ÙƒÙ…. Ø¥Ø°Ø§ Ø³Ù…Ø¹ØªÙ… Ø¹Ù† Ø£ÙŠ ÙØ±Øµ Ù…Ù‡Ù†ÙŠØ© Ø£Ùˆ Ø¥Ø°Ø§ ÙƒÙ†ØªÙ… ØªØ±ØºØ¨ÙˆÙ† ÙÙ‚Ø· ÙÙŠ Ø§Ù„Ø§Ø·Ù„Ø§Ø¹ Ø¹Ù„Ù‰ Ø¢Ø®Ø± Ø§Ù„Ù…Ø³ØªØ¬Ø¯Ø§ØªØŒ ÙÙŠÙØ±Ø¬Ù‰ Ø¥Ø±Ø³Ø§Ù„ Ø±Ø³Ø§Ù„Ø© Ø£Ùˆ ÙƒØªØ§Ø¨Ø© ØªØ¹Ù„ÙŠÙ‚ Ø£Ø¯Ù†Ø§Ù‡. Ø£Ø±ØºØ¨ ÙÙŠ Ø§Ù„ØªÙˆØ§ØµÙ„ Ù…Ø¹ÙƒÙ…...,4,5,0
2025-11-08,Unknown,https://www.linkedin.com/in/rizwan-khatik-37128123?miniProfileUrn=urn%3Ali%3Afsd_profile%3AACoAAATYWMUBiZ1nnPmFa7ClevW3_4vZEKJdrKM,https://www.linkedin.com/feed/post/e47e6029331b,"Donâ€™t misuse hashtag #AI. AI is one of the most powerful tools of our time, but with great power comes great responsibility. Using AI for pranks, misinformation, or attention can create panic,...",4,565,22
2025-11-08,Pravinaa B Balakriishan,https://www.linkedin.com/in/pravinaabbalakriishan?miniProfileUrn=urn%3Ali%3Afsd_profile%3AACoAAADKhlMB8yZcPQ2QMxhwAudIusgKbvi6wZQ,https://www.linkedin.com/feed/post/262d16d97922,"AI is the science of making machines think, learn and act intelligently like humans. From chatbots and self-droving cars to smart recommendations, AI shaping every field. Learning AI today is a...",4,1,0
2025-11-08,Unknown,https://www.linkedin.com/in/shaarifg?miniProfileUrn=urn%3Ali%3Afsd_profile%3AACoAACzFrEwBdsqnPWwp3YG2u1D97ib3yZThEIo,https://www.linkedin.com/feed/post/04bbd6a289f8,Donâ€™t just be a â€œFrontend Developerâ€ Be a Frontend Engineer Anyone can put buttons and cards on a page. Real power is when you understand whatâ€™s happening behind the UI âœ… How JavaScript really works...,4,222,15
2025-11-08,Unknown,https://www.linkedin.com/in/rashmi-n-41191026a?miniProfileUrn=urn%3Ali%3Afsd_profile%3AACoAAEH8n00BYoZK8sLLQR2EKKzXat05D-AlykA,https://www.linkedin.com/feed/post/673dc5aeab3e,"ğŸš€ Weâ€™re Hiring: Power BI Developer! Are you passionate about turning data into meaningful insights? Weâ€™re looking for a Power BI Developer who can design, develop, and optimize interactive dashboards...",4,31,3
2025-11-08,Unknown,https://www.linkedin.com/in/mahika-jain-8aaa221aa?miniProfileUrn=urn%3Ali%3Afsd_profile%3AACoAADDqzIIBmKrKPvowlK-srGcWHITosw0NswE,https://www.linkedin.com/feed/post/67f3c909692f,Hiring | Backend Engineers | Delhi (Onsite) Weâ€™re looking for talented Backend Engineers to join our fast-growing product company in Delhi. If you're passionate about building scalable systems and...,4,130,6
2025-11-08,Unknown,https://www.linkedin.com/in/harshavardhan-ketham-b857102b5?miniProfileUrn=urn%3Ali%3Afsd_profile%3AACoAAEu--5UBEiCzSZGPWxGiPu46IrN_mypqDi4,https://www.linkedin.com/feed/post/a2a24ddacc98,Iâ€™m excited to share my internship project developed during the AICTE â€“ IBM Frontend Developer Internship Program! ğŸš€ ğŸ’¡ Project Title: Weather Dashboard â€“ Real-Time Weather & Travel Suggestions This...,4,5,0
2025-11-08,Unknown,https://www.linkedin.com/in/willshall?miniProfileUrn=urn%3Ali%3Afsd_profile%3AACoAAAUQstMB5MWTlpNHAcpWXoY8nOOqVb9QVuE,https://www.linkedin.com/feed/post/5d98db3bc4ae,"ğŸš€ Weâ€™re Hiring â€“ hashtag #FrontendDeveloper (2â€“3 Years Experience)! WillShall Consulting is looking for a Frontend Developer who can create responsive, user-friendly websites and turn hashtag #Figma...",4,21,2
2025-11-08,Unknown,https://www.linkedin.com/in/vibvibgyor?miniProfileUrn=urn%3Ali%3Afsd_profile%3AACoAAC0IDeIBYkS7hMyshFsgQUIhHt-y3BE03FA,https://www.linkedin.com/feed/post/83650179afe8,ğŸ“ Location: India ğŸ’¼ American Express is hiring for a fresher entry level Data Scientist role! ğŸ“ Experience Required: 0 to 3 years ğŸ” Role Details: Position: Analyst Data Science (Data Scientist)...,4,75,17
2025-11-08,Unknown,https://www.linkedin.com/in/payal-ramtake-593983235?miniProfileUrn=urn%3Ali%3Afsd_profile%3AACoAADqy238B3FdBgDoOZjfS1KgWDhX-Q9SvFGk,https://www.linkedin.com/feed/post/f4b887673f33,Hi hashtag #Connections I'm currently hiring for a Java Backend Developer position with a focus on coding and development. Ideal candidates will have a robust background in Java and experience...,4,63,36
2025-11-08,Unknown,https://www.linkedin.com/in/ankita-singh-0b7903205?miniProfileUrn=urn%3Ali%3Afsd_profile%3AACoAADRIEMsBvVTi2MizWzVJL9nULSygePyev8c,https://www.linkedin.com/feed/post/3a83962ec1e4,Weâ€™re hiring! ğŸš€ Looking for a Backend Engineer with 8+ years of experience in Java. Join our dynamic tech team and build scalable solutions. Apply now! hashtag #Hiring hashtag #JavaDeveloper hashtag...,4,43,7
2025-11-08,Unknown,https://www.linkedin.com/in/zeroformality?miniProfileUrn=urn%3Ali%3Afsd_profile%3AACoAAATY_fgB05jjg9ucfrw9muZN1zyNPG3N2-I,https://www.linkedin.com/feed/post/1c6c241c0c28,"Looking for a passionate Backend Developer (1+ year experience) skilled in Node.js, Express, MongoDB, REST APIs, and Angular to join us at WIMD Technologies. If you enjoy solving real problems,...",4,5,4
2025-11-08,Unknown,https://www.linkedin.com/in/arvind-dhasmana-4bb756241?miniProfileUrn=urn%3Ali%3Afsd_profile%3AACoAADwW5E8BNF72DdDe_xlv6cmrz58os2kbrq0,https://www.linkedin.com/feed/post/76b085358258,ğŸš€ WE ARE HIRING | Golang Engineer (REMOTE | W2 Only) Join a high-performing engineering team building scalable microservices in the credit risk & fraud space â€” where your code has real-world impact...,4,13,3
2025-11-08,Unknown,https://www.linkedin.com/in/recruitersk?miniProfileUrn=urn%3Ali%3Afsd_profile%3AACoAACLH76YBifUe0cUQkZCtlq7A-syNOqLk4SI,https://www.linkedin.com/feed/post/550ffa2b6a5a,hashtag #Hiring: hashtag #PythonDeveloper â€“ hashtag #AITrainer ğŸ“¢ Weâ€™re seeking an experienced hashtag #BackendEngineer to build and optimize hashtag #Python systems while testing and improving...,4,9,2
2025-11-08,Unknown,https://www.linkedin.com/in/sumanshree-acharya-b91a07292?miniProfileUrn=urn%3Ali%3Afsd_profile%3AACoAAEb8Dd0Be4tE4uT4PDfHV4u-qDd69uE281w,https://www.linkedin.com/feed/post/99c12ef864bd,ğŸš€ Weâ€™re Hiring â€“ Java Backend Engineers! ğŸ“ Location: Bangalore (Whitefield) â€“ Hybrid (1â€“2 days in office) ğŸ’¼ Experience: 6+ Years ğŸ‘¨â€ğŸ’» Must Have Skills: âœ… Strong in Java / Kotlin âœ… Experience with...,4,8,1
2025-11-08,Unknown,https://www.linkedin.com/in/venkat-yarrakula?miniProfileUrn=urn%3Ali%3Afsd_profile%3AACoAAB-zT5MB5lTm9wfDOHCGbfJDUbDrkqQ5h9I,https://www.linkedin.com/feed/post/7177d6f6fd94,"ğŸš€ Weâ€™re expanding our AI Engineering team at Cyble! ğŸ”’ If you enjoy building secure, scalable microservices and working with AI automation, LLMs, and real-time data, this is for you. ğŸ’» Tech stack:...",4,10,2
2025-11-08,Unknown,https://www.linkedin.com/in/asha-mehta-426b5b161?miniProfileUrn=urn%3Ali%3Afsd_profile%3AACoAACbKtZ4BqP3zIp_0aOcnnT8BAn01uG9fYms,https://www.linkedin.com/feed/post/fe11478e66fb,"ğŸš€ Weâ€™re Hiring an Admin Intern â€“ Join Our Founding Team! Are you someone who loves organizing, coordinating, and making things happen behind the scenes? Weâ€™re looking for a passionate and proactive...",4,7,3
2025-11-08,Unknown,https://www.linkedin.com/in/sandesh-tolar-a51964120?miniProfileUrn=urn%3Ali%3Afsd_profile%3AACoAAB4Kst0B38TiUtcm-Ao3-VvronXIzO9GYnI,https://www.linkedin.com/feed/post/029b9fd28597,ğŸš€ Weâ€™re hiring! Excited to share that our team at Classcard is looking for a QA Engineer who is passionate about quality. Iâ€™ve been part of this amazing team that values innovation and collaboration...,3,5,1
2025-11-08,Unknown,https://www.linkedin.com/in/find-scholarships-264737175?miniProfileUrn=urn%3Ali%3Afsd_profile%3AACoAACmTx6wBYmhf2bR0YJ7Og59Vn_nb-ozkwOM,https://www.linkedin.com/feed/post/d5ddcbf40063,"AI vs AGI AI (Artificial Intelligence) is technology that makes machines perform tasks that normally need human intelligence â€” like recognizing speech, translating languages, or making predictions....",3,4,1
2025-11-08,Unknown,https://www.linkedin.com/in/manish-singh-15224414a?miniProfileUrn=urn%3Ali%3Afsd_profile%3AACoAACP8l84Bp3z4i3tbwEiXag1wYst2Q5nuDNY,https://www.linkedin.com/feed/post/05c7a62ee7b7,"The Future of Tech is AI â€” What excites you the most? Artificial Intelligence is changing the way we build, work, and create. From mobile apps to automation â€” AI is everywhere. hashtag #AI hashtag...",3,1,0
2025-11-08,Unknown,https://www.linkedin.com/in/piyush100x?miniProfileUrn=urn%3Ali%3Afsd_profile%3AACoAAD1ncDkBTasWgVia3S1lkVHx6pKkLkId5dA,https://www.linkedin.com/feed/post/3c9842acbdff,"Finally, weâ€™re now incorporated in SF - a Delaware corporation in the State of California. And itâ€™s time to build. Weâ€™re setting up in Indiranagar, Bangalore, building our first founding team:...",3,133,16
2025-11-08,Unknown,https://www.linkedin.com/in/vitaliykrushinsky?miniProfileUrn=urn%3Ali%3Afsd_profile%3AACoAABqQdG4BxL7UBopkDcHXdlTAxBkrl3dEsXs,https://www.linkedin.com/feed/post/810b19a1e201,"Ğ’ÑÑ–Ğ¼ Ğ¿Ñ€Ğ¸Ğ²Ñ–Ñ‚! Ğ¯ ÑˆÑƒĞºĞ°Ñ Ğ½Ğ¾Ğ²Ñƒ Ñ€Ğ¾Ğ±Ğ¾Ñ‚Ñƒ Ñ– Ğ· Ğ²Ğ´ÑÑ‡Ğ½Ñ–ÑÑ‚Ñ Ğ¿Ñ€Ğ¸Ğ¹Ğ¼Ñƒ Ğ²Ğ°ÑˆÑƒ Ğ¿Ñ–Ğ´Ñ‚Ñ€Ğ¸Ğ¼ĞºÑƒ. Ğ¯ĞºÑ‰Ğ¾ Ğ²Ğ¸ Ğ´Ñ–Ğ·Ğ½Ğ°Ñ”Ñ‚ĞµÑÑ Ğ¿Ñ€Ğ¾ Ğ²Ñ–Ğ´ĞºÑ€Ğ¸Ñ‚Ñ– Ğ²Ğ°ĞºĞ°Ğ½ÑÑ–Ñ— Ğ°Ğ±Ğ¾ Ğ¿Ñ€Ğ¾ÑÑ‚Ğ¾ Ğ·Ğ°Ñ…Ğ¾Ñ‡ĞµÑ‚Ğµ Ğ¿Ğ¾Ğ´Ñ–Ğ»Ğ¸Ñ‚Ğ¸ÑÑ ÑĞºĞ¸Ğ¼Ğ¸ÑÑŒ Ğ½Ğ¾Ğ²Ğ¸Ğ½Ğ°Ğ¼Ğ¸, Ğ½Ğ°Ğ´Ñ–ÑˆĞ»Ñ–Ñ‚ÑŒ Ğ¼ĞµĞ½Ñ– Ğ¿Ğ¾Ğ²Ñ–Ğ´Ğ¾Ğ¼Ğ»ĞµĞ½Ğ½Ñ Ğ°Ğ±Ğ¾ Ğ·Ğ°Ğ»Ğ¸ÑˆÑ‚Ğµ...",3,8,0
2025-11-08,Unknown,https://www.linkedin.com/in/acca-shubham-jain-7346b013a?miniProfileUrn=urn%3Ali%3Afsd_profile%3AACoAACHrJxgBv009E8A9_bAjgvelbh1ffRllAZ8,https://www.linkedin.com/feed/post/57f38f1e56e2,ğŸŒ Weâ€™re Hiring: Business Developer â€“ US/UK Accounting Market (Remote) ğŸ“Š TrustOn Business Solution is expanding globally! ğŸš€ Weâ€™re looking for ambitious and motivated Business Developers to help us...,3,8,0
2025-11-08,Unknown,https://www.linkedin.com/in/bhupidhami?miniProfileUrn=urn%3Ali%3Afsd_profile%3AACoAAAGyXIoBQqoFzfxMvxaAR9yCM3lqu4NMMfQ,https://www.linkedin.com/feed/post/e8f66e23e424,Passionate about backend architecture and scalable systems? Weâ€™re growing our team! Join us and help build AI-first next-gen e-commerce platform. ğŸ’ª hashtag #TechJobs hashtag #BackendDeveloper hashtag...,3,12,3
2025-11-08,Unknown,https://www.linkedin.com/in/christopher-jay-manubay-b47943289?miniProfileUrn=urn%3Ali%3Afsd_profile%3AACoAAEYVmqcBJHjPbNjaaq90PvdAjCTHU6-jsXI,https://www.linkedin.com/feed/post/89655b6bfcb8,"ğŸš€ Introducing my latest backend project: Hono Auth RBAC - OpenAPI & HonoRPC Template Built with TypeScript, Hono.js, Prisma, and PostgreSQL, this project focuses on secure authentication,...",3,24,6
2025-11-08,Unknown,https://www.linkedin.com/in/oleksandr-kuzmenko-618717265?miniProfileUrn=urn%3Ali%3Afsd_profile%3AACoAAEERZ7QBUhXQl_fYybeg5wBQBDCvbMF1KcY,https://www.linkedin.com/feed/post/9c0a7e2d133d,"Ğ—Ğ´Ñ€Ğ°Ğ²ÑÑ‚Ğ²ÑƒĞ¹Ñ‚Ğµ. Ğ¯ Ğ¸Ñ‰Ñƒ Ğ½Ğ¾Ğ²ÑƒÑ Ñ€Ğ°Ğ±Ğ¾Ñ‚Ñƒ Ğ¸ Ğ±ÑƒĞ´Ñƒ Ğ¿Ñ€Ğ¸Ğ·Ğ½Ğ°Ñ‚ĞµĞ»ĞµĞ½(Ğ»ÑŒĞ½Ğ°) Ğ²Ğ°Ğ¼ Ğ·Ğ° Ğ¿Ğ¾Ğ¼Ğ¾Ñ‰ÑŒ. Ğ•ÑĞ»Ğ¸ Ğ²Ğ°Ğ¼ Ğ¸Ğ·Ğ²ĞµÑÑ‚Ğ½Ğ¾ Ğ¾ ĞºĞ°Ñ€ÑŒĞµÑ€Ğ½Ñ‹Ñ… Ğ²Ğ¾Ğ·Ğ¼Ğ¾Ğ¶Ğ½Ğ¾ÑÑ‚ÑÑ… Ğ¸Ğ»Ğ¸ ĞµÑĞ»Ğ¸ Ğ²Ñ‹ Ğ¿Ñ€Ğ¾ÑÑ‚Ğ¾ Ñ…Ğ¾Ñ‚Ğ¸Ñ‚Ğµ Ğ¿Ğ¾Ğ¾Ğ±Ñ‰Ğ°Ñ‚ÑŒÑÑ, Ğ¾Ñ‚Ğ¿Ñ€Ğ°Ğ²ÑŒÑ‚Ğµ Ğ¼Ğ½Ğµ ÑĞ¾Ğ¾Ğ±Ñ‰ĞµĞ½Ğ¸Ğµ Ğ¸Ğ»Ğ¸ Ğ¾ÑÑ‚Ğ°Ğ²ÑŒÑ‚Ğµ...",3,9,0
2025-11-08,Unknown,https://www.linkedin.com/in/kossyugochukwu?miniProfileUrn=urn%3Ali%3Afsd_profile%3AACoAACr8tDkBntAkiPsHVCKTLPSlTuBg6A1zOn0,https://www.linkedin.com/feed/post/dd78c242da83,Every backend engineer goes through the same stages. The difference is who keeps going when it gets hard. Hereâ€™s how the journey usually looks: â€¢ Beginner: Builds simple CRUD APIs connected to a...,3,16,1
2025-11-08,Unknown,https://www.linkedin.com/in/bhupesh-choudhary-0a8a7a134?miniProfileUrn=urn%3Ali%3Afsd_profile%3AACoAACDn8wAB4JKHCTUxAHpvJ-n9idnudpR_His,https://www.linkedin.com/feed/post/65742d06c2ba,"At Ticmint, we are embarking on an exciting journey to create the Shopify for the event industry. We are currently seeking a Frontend Tech Lead to drive our vision and craft captivating, scalable...",3,24,1
2025-11-08,Unknown,https://www.linkedin.com/in/sowjanya-hathnura-a5924523b?miniProfileUrn=urn%3Ali%3Afsd_profile%3AACoAADuoc6UBYf50RX2jh72_4ElK8LTxziopV9o,https://www.linkedin.com/feed/post/aab1f4960126,"Front-End Engineer (Onsite) Location: Philadelphia, PA Rate: $50/hr (C2C) We are seeking a Frontend Developer with 8+ years of experience, strong in React.js + Next.js and hands-on Looker for...",3,16,10
2025-11-08,Unknown,https://www.linkedin.com/in/darshan-m-gowda-123456-dsdhnsjjd?miniProfileUrn=urn%3Ali%3Afsd_profile%3AACoAAFzkRGYBkXWS1CiJODxTUxBPDEidtfrhRS0,https://www.linkedin.com/feed/post/dfd13d44cdd2,"Just Built: Job Research App (Full-Stack Project Preview) Excited to share a sneak peek of my latest project â€” Job Research App! âœ¨ This app helps users search, filter, and explore job opportunities...",3,23,4
2025-11-08,Unknown,https://www.linkedin.com/in/mayankpandey20035?miniProfileUrn=urn%3Ali%3Afsd_profile%3AACoAAFAEWYYBwOSRbtvITOfpdXhas86hs2v1qZg,https://www.linkedin.com/feed/post/99d669961537,"I'm excited to share my latest project: UniTrade, a full-stack web app I built from scratch! UniTrade is a hyper-local marketplace for college students to buy and sell used items like books, lab...",3,13,2
2025-11-08,Unknown,https://www.linkedin.com/in/frackson-makwangwala-912041151?miniProfileUrn=urn%3Ali%3Afsd_profile%3AACoAACR9n94B5p2MhMOcgW01qdQ_lieEC4CohaU,https://www.linkedin.com/feed/post/e798dc5172d9,"I always remember Douglas whenever I hit randomness in ML. ""The answer to life, the universe, and everything is 42.â€ - Douglas Adams, The Hitchhiker's Guide to the Galaxy A nerd joke that Data...",3,1,0
2025-11-08,Unknown,https://www.linkedin.com/in/rohini-nalawade-3238591b2?miniProfileUrn=urn%3Ali%3Afsd_profile%3AACoAADGak4sBScB9ZKYD39AUzVQ2fDZ6LNY87h8,https://www.linkedin.com/feed/post/15987cdbb663,Data Science (machine learning -1) ğŸ¤– What is Machine Learning? Machine Learning (ML) is a part of Artificial Intelligence that enables computers to learn from data and improve automatically â€” without...,3,3,3
2025-11-08,Unknown,https://www.linkedin.com/in/prasoona-tadepalli-3487201a3?miniProfileUrn=urn%3Ali%3Afsd_profile%3AACoAAC-gZ-gBSP0HvvG2QdMcDuXjQhtycmh6Roo,https://www.linkedin.com/feed/post/816664586d83,Super excited to share this fantastic opportunity at Uber Hyderabad for a Data Scientist II role within the Risk Experience & Governance Platform team that i'm hiring for: If you love solving complex...,3,66,2
2025-11-08,Unknown,https://www.linkedin.com/in/ali-ahmad-133315249?miniProfileUrn=urn%3Ali%3Afsd_profile%3AACoAAD1y53cBeYuxBl40kPnYRJKNXhIYWISE7bc,https://www.linkedin.com/feed/post/5649ed9d8652,"ğŸ¯ Data Analyst vs. Data Scientist â€” Understanding the Difference Both roles are crucial in the data world, but they focus on different stages of the data journey. This visual simplifies it...",3,85,4
2025-11-08,Unknown,https://www.linkedin.com/in/glorious-the-data-demystifier?miniProfileUrn=urn%3Ali%3Afsd_profile%3AACoAAEKALLwBMFLSMC2vO7NrH--TQD3r9pdmhXs,https://www.linkedin.com/feed/post/37f4f6ca7780,A Data Analyst VS Data Scientist. â¡ï¸A Data Analyst interprets data to answer what happened . â¡ï¸A Data Scientist goes deeper to uncover why it happened and what could happen next. NOTE; â¡ï¸Is...,3,37,22
2025-11-08,Unknown,https://www.linkedin.com/in/naiyarashfaque?miniProfileUrn=urn%3Ali%3Afsd_profile%3AACoAADaNzM4BO_FEXqyuBSdppByQwpZJ0tVTZos,https://www.linkedin.com/feed/post/ee7e0cd1ddf6,"ğ—§ğ—µğ—² ğ—›ğ—¶ğ—±ğ—±ğ—²ğ—» ğ—Ÿğ—®ğ˜†ğ—²ğ—¿ğ˜€ ğ—¼ğ—³ ğ—® ğ——ğ—®ğ˜ğ—® ğ—¦ğ—°ğ—¶ğ—²ğ—»ğ—°ğ—² ğ—–ğ—®ğ—¿ğ—²ğ—²ğ—¿ Behind every Data Scientist lies a complex network of skills, tools, and roles â€” each playing a vital part in transforming raw data into intelligent...",3,622,3
2025-11-08,Unknown,https://www.linkedin.com/in/shwati-kumar-b06b7617b?miniProfileUrn=urn%3Ali%3Afsd_profile%3AACoAACq1mbYBieOjJbiY5EjlmKu6GSDBD56OaZ4,https://www.linkedin.com/feed/post/de064d8e57a1,"ğŸ“Š ğƒğšğ­ğš ğ€ğ§ğšğ¥ğ²ğ¬ğ­ ğ¯ğ¬ ğƒğšğ­ğš ğ’ğœğ¢ğğ§ğ­ğ¢ğ¬ğ­ â€” ğ”ğ§ğğğ«ğ¬ğ­ğšğ§ğğ¢ğ§ğ  ğ­ğ¡ğ ğƒğ¢ğŸğŸğğ«ğğ§ğœğ! If youâ€™re starting your journey in data, youâ€™ve probably heard both titles â€” Data Analyst and Data Scientist. But what really sets...",3,115,3
2025-11-08,Unknown,https://www.linkedin.com/in/deepa-kulkarni-2783625?miniProfileUrn=urn%3Ali%3Afsd_profile%3AACoAAADxKPwB-cvF_YsPzXL0_70XUgDubek_aIg,https://www.linkedin.com/feed/post/d522abe48af7,"Urgent Hiring!!! Sr. Software Engineer - Backend (Node.js) Location - Magarpatta, Pune Please click on link below to apply or share your updated resume to me deepa@northstarhrc.com or Swati Halale...",3,8,1
2025-11-08,Unknown,https://www.linkedin.com/in/kavyashri-das-b0b60674?miniProfileUrn=urn%3Ali%3Afsd_profile%3AACoAAA_AdrsBxAdyPgQrUEDdAvIHqHHuiNXeNKY,https://www.linkedin.com/feed/post/bc641ff58ede,"Hello, Iâ€™m exploring an early-stage idea in the health tech space (focused on fitness, nutrition, and performance). Iâ€™m looking for a tech co-founder whoâ€™s interested in building from zero,...",3,28,11
2025-11-08,Unknown,https://www.linkedin.com/in/saidurgaprasadbattula?miniProfileUrn=urn%3Ali%3Afsd_profile%3AACoAADzIYtsBU66qCE__cFdhhwN9PIWFz8lSMQU,https://www.linkedin.com/feed/post/90b70708bfab,"This resume template got my friend Data Science interview calls from 5 top tech giants. & let me flex, it was without any referrals. Youâ€™d be wondering if there is some secret to it. Well, yes there...",2,724,32
2025-11-08,Unknown,https://www.linkedin.com/in/uma-pandey?miniProfileUrn=urn%3Ali%3Afsd_profile%3AACoAADH-RX8B0oH9Ha90lwwzVKrDG3GapVbGDk0,https://www.linkedin.com/feed/post/ddd906f8000d,"Weâ€™re hiring! If you know someone whose skills shine bright, tag them or send them our way! Flow Dynamics India Pvt. Ltd. hashtag #hiring hashtag #toptalent â€¦more",2,0,0
2025-11-08,Unknown,https://www.linkedin.com/in/kajal-balhotra-29979a371?miniProfileUrn=urn%3Ali%3Afsd_profile%3AACoAAFwhghUBvTlabwTKKL_pIassQI4UNiRj-60,https://www.linkedin.com/feed/post/335a8669e2e2,"ğŸ¯ we are Hiring !! Join us in shaping the future â€” weâ€™re looking for talented professionals, both technical and non-technical, who thrive in a dynamic environment. ğŸ” Roles & What Youâ€™ll Do * For...",2,3,2
2025-11-08,Unknown,https://www.linkedin.com/in/bhoyar-traders-955197286?miniProfileUrn=urn%3Ali%3Afsd_profile%3AACoAAEVwOZEBN0ZeivBmrhjhU51IU-CWVStu75A,https://www.linkedin.com/feed/post/7c289745614f,"Urgent Hiring â€“ Accountant & HR Executive (Female Only) Potential Income: â‚¹15,000 â€“ â‚¹50,000 per month (Based on experience & performance) Working Hours: 10:00 AM â€“ 6:00 PM Eligibility: Graduate...",2,1,3
2025-11-08,ruchi sharma,https://www.linkedin.com/in/ruchi-sharma-6206bb189?miniProfileUrn=urn%3Ali%3Afsd_profile%3AACoAACxroLgBY6ADO4qKq3ptamXoq0jlr7HVNrU,https://www.linkedin.com/feed/post/5646cbbaa3a5,"We are hiring Hiring | Work From Office Process: Voice/Non-Voice (Inbound & Outbound) Shift: Rotational Working Days: 6 days/week Week Off: 1 rotational off ğŸ’° Salary: â‚¹18,000 â€“ â‚¹20,000 per month ğŸ“...",2,0,0
2025-11-08,Unknown,https://www.linkedin.com/in/balajivhr?miniProfileUrn=urn%3Ali%3Afsd_profile%3AACoAAFX8tZQB7sD-XrXke5TJXR7Hmc6RmzfSkjQ,https://www.linkedin.com/feed/post/1c9061f1aba5,Iâ€™m hashtag #hiring for a Design & Proposal Engineer - Water Treatment at Eco Green Tech Private Limited.â€¦,2,1,0
2025-11-08,Unknown,https://www.linkedin.com/in/kuldeep-shrimali-58a182241?miniProfileUrn=urn%3Ali%3Afsd_profile%3AACoAADwA9LoBQFnILm-KQnnjVZeUKF3DpT9hkAc,https://www.linkedin.com/feed/post/8e45c3a9bb2f,we are hashtag #hiring for a Hardware Development Engineer at LimelightIT Research Pvt Ltdâ€¦,2,1,0
2025-11-08,Unknown,https://www.linkedin.com/in/vaishalikaushikspectral?miniProfileUrn=urn%3Ali%3Afsd_profile%3AACoAAAC4N5UB5XNCbkXW4aXAktVTFtUUeAaEpIs,https://www.linkedin.com/feed/post/aa9f452e3999,"Weâ€™re hiring a Principal Enterprise Software Test Engineer for Global MedTech Platforms â€” a role that blends deep technical expertise with leadership in mobile automation, cloud integration, and...",2,1,0
2025-11-08,Unknown,https://www.linkedin.com/in/muzamilzahid?miniProfileUrn=urn%3Ali%3Afsd_profile%3AACoAABhaxpYBAHCmZI_6Btg2KOhBi-lVRtKpfDk,https://www.linkedin.com/feed/post/71184d05b7b5,"Artificial Intelligence is transforming industries, teams, and decision-making. From automating tasks to powering insights, AI is no longer the future - itâ€™s the present. hashtag #AI hashtag...",2,10,5
2025-11-08,Unknown,,https://www.linkedin.com/feed/post/d6eea6d62477,"AI is advancing faster than ever and many are wondering whether weâ€™re approaching a new phase: AGI (Artificial General Intelligence). Unlike today's AI, AGI would be able to understand, learn, and...",2,6,6
2025-11-08,Paul Adaran,https://www.linkedin.com/in/paul-adaran-5290b2185?miniProfileUrn=urn%3Ali%3Afsd_profile%3AACoAACueW3EBkU5UeHRF_B0N0SpZFU2tMNg2laA,https://www.linkedin.com/feed/post/fad7d8288593,"Artificial intelligence is a capacious term that has absorbed several generatio of techniques, ambitions, and commercial narratives. It spans approaches as different as hand-coded logic and...",2,3,3
2025-11-08,Unknown,https://www.linkedin.com/in/chathurya-palla-9a701bb1?miniProfileUrn=urn%3Ali%3Afsd_profile%3AACoAABescM8BTF5M3mwmSaDAvegeB0_XiYggqR4,https://www.linkedin.com/feed/post/f04a518bf59b,"ğ—”ğ—¿ğ˜ğ—¶ğ—³ğ—¶ğ—°ğ—¶ğ—®ğ—¹ ğ—œğ—»ğ˜ğ—²ğ—¹ğ—¹ğ—¶ğ—´ğ—²ğ—»ğ—°ğ—² ğ“ğ¨ ğƒğ¨ğ°ğ§ğ¥ğ¨ğšğ ğ…ğ«ğğ ğ’ğšğ¦ğ©ğ¥ğ ğ‘ğğ©ğ¨ğ«ğ­: https://lnkd.in/dJBy3W3Y ğ—”ğ—¿ğ˜ğ—¶ğ—³ğ—¶ğ—°ğ—¶ğ—®ğ—¹ ğ—œğ—»ğ˜ğ—²ğ—¹ğ—¹ğ—¶ğ—´ğ—²ğ—»ğ—°ğ—² (ğ—”ğ—œ) is revolutionizing industries by enabling machines to learn, reason, and make decisions...",2,3,0
2025-11-08,Unknown,,https://www.linkedin.com/feed/post/f50ab3999ab3,"Avatars that speak. Agents that sign. Systems that detect scams before they happen. AI is here. The world wonâ€™t wait, and neither will we. hashtag #stcBahrain hashtag #AI hashtag...",2,28,3
2025-11-08,Unknown,https://www.linkedin.com/in/y3rawat?miniProfileUrn=urn%3Ali%3Afsd_profile%3AACoAADe4pmEBIvSQuBJdvyHDyU2qaBDQxzhHUYw,https://www.linkedin.com/feed/post/b8f0c3c963ba,"This video invites you into a thrilling game of ""spot the AI,"" showcasing how incredibly convincing artificial intelligence has become. Prepare to be amazedâ€”and maybe a little uneasyâ€”as you try to...",2,10,1
2025-11-08,Unknown,https://www.linkedin.com/in/arpit-gupta-agra?miniProfileUrn=urn%3Ali%3Afsd_profile%3AACoAAEHLSzUBj3xinEs4vMMZbL2I3ETNHTMhM84,https://www.linkedin.com/feed/post/7c9792287fbd,"Weâ€™re Building the Core Team at Gropto ğŸš€ At Gropto, weâ€™re creating a powerful omni-channel grocery retail platform â€” connecting local retail stores with digital convenience and modern customer...",2,21,1
2025-11-08,Unknown,https://www.linkedin.com/in/naiyyasaggi?miniProfileUrn=urn%3Ali%3Afsd_profile%3AACoAAAEWK1wBimR4qm_ytNxBRjfbQiPh7flfL-M,https://www.linkedin.com/feed/post/816b1d4d5445,"hashtag #HIRING at Team EDT. Founding team members are a special DNA. If you, or someone you know, has a keedha to build something world class from India, pls do apply or refer. Can also guarantee...",2,41,10
2025-11-08,Unknown,https://www.linkedin.com/in/gaurav1010?miniProfileUrn=urn%3Ali%3Afsd_profile%3AACoAAB0UjC4Bb9k4pCFiDm3r83JEeHUX7neImcE,https://www.linkedin.com/feed/post/ccf5fde678fe,"Gurukkul is Hiring Founding Team At Gurukkul, we are building the <1% founder category â€” School Entrepreneurship.Our vision is to nurture entrepreneurial mindsets early, by making Kâ€“12 education the...",2,19,4
2025-11-08,Maxim Demenkow,https://www.linkedin.com/in/maxim-demenkow?miniProfileUrn=urn%3Ali%3Afsd_profile%3AACoAACLNPHMB_J83H-eM7xo4oJGthKGFfVBD1J4,https://www.linkedin.com/feed/post/ae84fa99019c,"Ğ—Ğ´Ñ€Ğ°Ğ²ÑÑ‚Ğ²ÑƒĞ¹Ñ‚Ğµ. Ğ¯ Ğ¸Ñ‰Ñƒ Ğ½Ğ¾Ğ²ÑƒÑ Ñ€Ğ°Ğ±Ğ¾Ñ‚Ñƒ Ğ¸ Ğ±ÑƒĞ´Ñƒ Ğ¿Ñ€Ğ¸Ğ·Ğ½Ğ°Ñ‚ĞµĞ»ĞµĞ½(Ğ»ÑŒĞ½Ğ°) Ğ²Ğ°Ğ¼ Ğ·Ğ° Ğ¿Ğ¾Ğ¼Ğ¾Ñ‰ÑŒ. Ğ•ÑĞ»Ğ¸ Ğ²Ğ°Ğ¼ Ğ¸Ğ·Ğ²ĞµÑÑ‚Ğ½Ğ¾ Ğ¾ ĞºĞ°Ñ€ÑŒĞµÑ€Ğ½Ñ‹Ñ… Ğ²Ğ¾Ğ·Ğ¼Ğ¾Ğ¶Ğ½Ğ¾ÑÑ‚ÑÑ… Ğ¸Ğ»Ğ¸ ĞµÑĞ»Ğ¸ Ğ²Ñ‹ Ğ¿Ñ€Ğ¾ÑÑ‚Ğ¾ Ñ…Ğ¾Ñ‚Ğ¸Ñ‚Ğµ Ğ¿Ğ¾Ğ¾Ğ±Ñ‰Ğ°Ñ‚ÑŒÑÑ, Ğ¾Ñ‚Ğ¿Ñ€Ğ°Ğ²ÑŒÑ‚Ğµ Ğ¼Ğ½Ğµ ÑĞ¾Ğ¾Ğ±Ñ‰ĞµĞ½Ğ¸Ğµ Ğ¸Ğ»Ğ¸ Ğ¾ÑÑ‚Ğ°Ğ²ÑŒÑ‚Ğµ...",2,51,3
2025-11-08,Unknown,https://www.linkedin.com/in/evans-kosgei-kibiwott?miniProfileUrn=urn%3Ali%3Afsd_profile%3AACoAADTuipEBzr6zf4VJopuz4z5M1mYS_iJzOqE,https://www.linkedin.com/feed/post/c90c42356ab7,A developer is not a developer without problem-solving skills. Your ability to break down complex issues and find creative solutions defines your expertise far more than just coding proficiency. And...,2,1,2
2025-11-08,Unknown,https://www.linkedin.com/in/sergio-reclutador?miniProfileUrn=urn%3Ali%3Afsd_profile%3AACoAADfsvfIBrcj9HQFB9CBQ53RLbB-yZ4OKguc,https://www.linkedin.com/feed/post/f182d73e54e5,ğ—ªğ—µğ—®ğ˜ ğ—¶ğ˜€ ğ—®ğ—» ğ—²ğ˜…ğ—½ğ—¹ğ—¼ğ—¶ğ˜ ğ—±ğ—²ğ˜ƒğ—²ğ—¹ğ—¼ğ—½ğ—²ğ—¿? An exploit developer is an individual who identifies and investigates vulnerabilities in software or systems with the intent of enhancing security. Once a vulnerability...,2,1,0
2025-11-08,Unknown,https://www.linkedin.com/in/ayushi-gupta-4922ba328?miniProfileUrn=urn%3Ali%3Afsd_profile%3AACoAAFKgWS4BPTuEa5cbc5LvL2R7OJOm1o0jx9I,https://www.linkedin.com/feed/post/aab51c870e3f,ğŸ’» Frontend Developer Remote Experience required : 1 + years ğŸ’¡ Preferred Skills Excellent communication and teamwork skills Attention to detail and passion for performance optimization ğŸ“© Apply...,2,33,4
2025-11-08,Sakshi Sharma,https://www.linkedin.com/in/sakshi-sharma-2891b524a?miniProfileUrn=urn%3Ali%3Afsd_profile%3AACoAAD2cCkkBlXVa3b1twkzXfwUuSa67KHS9ljc,https://www.linkedin.com/feed/post/f6818b8422ba,ğŸ’» Frontend Developer Remote Experience required : 1 + years ğŸ’¡ Preferred Skills Excellent communication and teamwork skills Attention to detail and passion for performance optimization ğŸ“© Apply...,2,31,2
2025-11-08,Unknown,https://www.linkedin.com/in/yuliya-savastsyanava-6b63bbaa?miniProfileUrn=urn%3Ali%3Afsd_profile%3AACoAABcyTSoBwSZltDQKxrNa-_7rpYVtqDrSunk,https://www.linkedin.com/feed/post/1d3e83ff259c,ğŸš€ Ğ˜Ñ‰ĞµĞ¼ Frontend Developer (React/Typescript) Ğ½Ğ° Ğ¿Ñ€Ğ¾ĞµĞºÑ‚ Ğ² ÑÑ„ĞµÑ€Ğµ IoT Ğ¸ Ğ·ĞµĞ»ĞµĞ½Ñ‹Ñ… Ñ‚ĞµÑ…Ğ½Ğ¾Ğ»Ğ¾Ğ³Ğ¸Ğ¹ â€” ÑĞ¸ÑÑ‚ĞµĞ¼Ğ° ÑƒĞ¿Ñ€Ğ°Ğ²Ğ»ĞµĞ½Ğ¸Ñ Ğ·Ğ°Ñ€ÑĞ´Ğ½Ñ‹Ğ¼Ğ¸ ÑÑ‚Ğ°Ğ½Ñ†Ğ¸ÑĞ¼Ğ¸ Ğ´Ğ»Ñ ÑĞ»ĞµĞºÑ‚Ñ€Ğ¾ĞºĞ°Ñ€Ğ¾Ğ² + Ğ¡RM ÑĞ¸ÑÑ‚ĞµĞ¼Ğ° Ğ´Ğ»Ñ ÑƒĞ¿Ñ€Ğ°Ğ²Ğ»ĞµĞ½Ğ¸Ñ Ğ¸ Ğ¼Ğ¾Ğ½Ğ¸Ñ‚Ğ¾Ñ€Ğ¸Ğ½Ğ³Ğ° Ğ°Ğ²Ñ‚Ğ¾Ğ¿Ğ°Ñ€ĞºĞ°...,2,109,30
2025-11-08,Unknown,https://www.linkedin.com/in/mohammed-aziz-khan-0bb91aa1?miniProfileUrn=urn%3Ali%3Afsd_profile%3AACoAABWr0Q8B7Ll12bwXxM1H0YJeqYhPVcJi9Ks,https://www.linkedin.com/feed/post/841e4ce38521,"ğŸš€Hiring for Freelance Java Application Architect | Brussels, Belgium | Hybrid Remote Join our team and design the next generation of enterprise solutions. Weâ€™re seeking an expert in full-stack Java...",2,9,5
2025-11-08,Unknown,https://www.linkedin.com/in/ismailkorkmazz?miniProfileUrn=urn%3Ali%3Afsd_profile%3AACoAADjU3qQBQZcM9Qc3gStZEEZHUa-9f79t9Ac,https://www.linkedin.com/feed/post/b9088d1cba50,People think â€œfull-stackâ€ means knowing frontend + backend. That is a junior definition. Full-stack is the ability to see the entire system as one single cognitive object: â€“ user intention â€“ domain...,2,1,0
2025-11-08,Unknown,https://www.linkedin.com/in/drhaleemasadiacoach?miniProfileUrn=urn%3Ali%3Afsd_profile%3AACoAAAZZbnkBM2HTyjS75MV9KS7oSHl7EG9J8jg,https://www.linkedin.com/feed/post/76110a51ef91,"Think of ML as the student of AI â€” learning, practicing, and getting better every day!",2,13,0
2025-11-08,Unknown,https://www.linkedin.com/in/umar-syed-191a0319a?miniProfileUrn=urn%3Ali%3Afsd_profile%3AACoAAC7HbT0BQi3NOB_9OJue7VMz9LAsHjZgpto,https://www.linkedin.com/feed/post/81a44f708a57,Machine Learning (ML) is a part of Artificial Intelligence that helps computers learn from data without being explicitly programmed. It works through three main steps: 1ï¸âƒ£ Data Collection â€“ Gather...,2,0,0
2025-11-08,Unknown,https://www.linkedin.com/in/adriana-69621378?miniProfileUrn=urn%3Ali%3Afsd_profile%3AACoAABBnwRIBW-MD5nZTl5UV7J1FKulL39dNdUw,https://www.linkedin.com/feed/post/9d4dac8e1877,"Great models start with great data ğŸ’«. (It's not that I'm talking about myself as a model ğŸ¤­) Explore how data quality shapes the future of ML and AI in our new article, ""Quality Data â€“ The Foundation...",2,15,0
2025-11-08,Shariq Nadeem,https://www.linkedin.com/in/shariq-nadeem-7938a2242?miniProfileUrn=urn%3Ali%3Afsd_profile%3AACoAADxJu98BJsEOlST0b7Peb3cFb08uuXcXOzE,https://www.linkedin.com/feed/post/d539a1c1e6b0,Hereâ€™s a quick visual breakdown of the three pillars of ML: ğŸ”¹ Supervised Learning ğŸ”¹ Unsupervised Learning ğŸ”¹ Reinforcement Learning Each section includes real-world applications and everyday analogies...,2,0,0
2025-11-08,Unknown,https://www.linkedin.com/in/satya-sbs?miniProfileUrn=urn%3Ali%3Afsd_profile%3AACoAABXa49sBYKdneKCibhwxPv8KNyXmtVMECGI,https://www.linkedin.com/feed/post/7f3d7cfd5d2f,Swiggy is hiring for Data Scientist. Before you start preparing for a Data Science interview â€” read this. Most candidates focus only on algorithms and model building. But top companies test much more...,2,0,0
2025-11-08,Unknown,https://www.linkedin.com/in/sakshiku945?miniProfileUrn=urn%3Ali%3Afsd_profile%3AACoAADetgC4B65IXD58fvEDiaiHlzvRdYaY-L7Y,https://www.linkedin.com/feed/post/30027d5270ba,ğŸ“Š Data Scientist Important Interview Questions & Answers Preparing for your next Data Science interview? Hereâ€™s a complete guide with the most important and frequently asked Q&A to help you master...,2,306,25
2025-11-08,Unknown,https://www.linkedin.com/in/mahima-saxena-031003a5?miniProfileUrn=urn%3Ali%3Afsd_profile%3AACoAABY_ZGUBwK2_ZLYTPbrXyQWDz85C-WWo2pA,https://www.linkedin.com/feed/post/e1b93e16eb76,ğŸš€ Incredible Career Opportunity at Databricks! ğŸš€ Weâ€™re thrilled to share that Jocelyn Cai is hiring a hashtag #StaffPeoplePartner - a founding member of our People team in India ğŸ‡®ğŸ‡³! ğŸ’¼ Apply now:...,2,102,2
2025-11-08,Unknown,https://www.linkedin.com/in/mohit-pathak-connect0881?miniProfileUrn=urn%3Ali%3Afsd_profile%3AACoAAC_QSzcBDsm2COwRnvWPSy9pNmZJtmZkrNA,https://www.linkedin.com/feed/post/7e0c82049c9e,"ğŸŒ± Building Quietly. But Not Alone Anymore. For the past few weeks, Iâ€™ve been working on something, something thatâ€™s trying to reimagine how hiring works. It started as a simple frustration, and...",2,10,1
2025-11-08,Unknown,https://www.linkedin.com/in/mohitgandotra?miniProfileUrn=urn%3Ali%3Afsd_profile%3AACoAACIttd0B02VqTFVSZQK-_IF9M2S5RI7EIoQ,https://www.linkedin.com/feed/post/b18afc23eaea,"ğŸš€ We're hashtag #Hiring! | Account Executive (Hybrid) Ready to join a fast-growing SaaS startup and be part of its founding GTM team? We're looking for a high-energy, results-driven Account Executive...",2,19,6
2025-11-08,Unknown,https://www.linkedin.com/in/mahip-kakan?miniProfileUrn=urn%3Ali%3Afsd_profile%3AACoAACZbCuIBI9ZaKUzfzn3AuRqiw_-sIY5Gn8I,https://www.linkedin.com/feed/post/d92943d60feb,My friend Amit K. is on the lookout for a passionate professional to join the founding team at 50GRAMx . This is an incredible opportunity to be part of an early-stage venture with immense potential...,2,10,3
2025-11-08,Unknown,https://www.linkedin.com/in/pal-bijewar?miniProfileUrn=urn%3Ali%3Afsd_profile%3AACoAADv4Av4BY6ZjaOOq8Kw5bdkaEmvV5ZY5oSw,https://www.linkedin.com/feed/post/db311c53b5d9,Bhavitha Tech Solutions Private Limited is hashtag #hiring Aryificial Intelligence Engineer. Know anyone who might be interested? hashtag #aiengineer hashtag #aijob â€¦more,2,0,0
2025-11-08,Unknown,https://www.linkedin.com/in/tanmaygoel-in?miniProfileUrn=urn%3Ali%3Afsd_profile%3AACoAACg8NCoB5jZ5OP7gIMHuIlw0oT6ea8iyrfE,https://www.linkedin.com/feed/post/d5de6eb6f752,"This one-page resume got me ğŸ–+ ğ¨ğŸğŸğğ«ğ¬ - American Express, Amazon, Goldman Sachs, Delight Learning, Wipro, and more ğŸš€ ğ†ğğ­ 90+ ğ€ğ“ğ’ Friendly Resume: ğŸ‘‰ğŸ» https://lnkd.in/dYgp_Ckd Get ATS Resume Template:...",1,653,71
2025-11-08,Unknown,https://www.linkedin.com/in/simran-jain20?miniProfileUrn=urn%3Ali%3Afsd_profile%3AACoAAC1FEIkBA1azVZ4gzE-_RB7naaryMU4gIg4,https://www.linkedin.com/feed/post/f4f614494a54,"Sometimes, the biggest heartbreak after B-school isnâ€™t rejection; itâ€™s acceptance. Many management graduates walk into their first jobs with fire in their hearts, ready to prove themselves, to learn,...",1,0,8
2025-11-08,Unknown,https://www.linkedin.com/in/megha-kamboj-6078201aa?miniProfileUrn=urn%3Ali%3Afsd_profile%3AACoAADDjJWcBC6mLnl1e2gheEgXp0DUN8rIGy4E,https://www.linkedin.com/feed/post/2d90e3afa21e,Dear Connections!!! We are Urgently Hiring for 2025!! hashtag #Fresher and hashtag #experienced candidates for work-from-home opportunity Income: 15k to 25k To Apply :- Comment hashtag #interested...,1,0,0
2025-11-08,Unknown,https://www.linkedin.com/in/pallavi-patil-chrm?miniProfileUrn=urn%3Ali%3Afsd_profile%3AACoAAFScreYBu34ogHFUjbwPBjtFbLxOH0KOqKk,https://www.linkedin.com/feed/post/6e7990fd6c99,We are hiring! ğŸŒŸ hashtag #jobopportunity hashtag #finance hashtag #financecontroller hashtag #Bangalore,1,1,0
2025-11-08,Unknown,https://www.linkedin.com/in/shilpa-kamble-?miniProfileUrn=urn%3Ali%3Afsd_profile%3AACoAACKU0t4Bujg9RxC0hDd_VVA3VI6lx2zkUv8,https://www.linkedin.com/feed/post/71d76aa63ba4,"Offer accepted âœ… Start date locked in ğŸ—“ï¸ Team informed ğŸ‰ â€¦and then â€” poof. Gone. ğŸ‘» No call. No text. Just silence. ğŸ’¨ Everyone talks about how recruiters should communicate better (and yes, we...",1,235,63
2025-11-08,Unknown,https://www.linkedin.com/in/suraj-gupta-282a2a384?miniProfileUrn=urn%3Ali%3Afsd_profile%3AACoAAF7WHwIBvjpTonjbszF_1XgIMXCyoK7m0e4,https://www.linkedin.com/feed/post/ca6efb855f21,Hiring!! Job Title :: HR executive/ Assistant HR/HR Associate/HR Recruiter/Team Lead Qualification :: Graduation / BBA/MBA Location:: Work From Home APPLY -; Send me your CV on WhatsApp Number...,1,0,17
2025-11-08,Unknown,https://www.linkedin.com/in/anushka-tiwadi-80297a318?miniProfileUrn=urn%3Ali%3Afsd_profile%3AACoAAFCW6wIBmODleDvKwuRI7p2ZqxLEPlZvj1k,https://www.linkedin.com/feed/post/0406cda1e544,ğŸ¡ Dear Students & Homemakers â€” Want to build a meaningful career from home? ğŸ’» Weâ€™re hiring for non-technical roles in HR & Team Management. ğŸ“Œ Roles: Typing | HR Coordination | Recruitment | Voice...,1,5,9
2025-11-08,Unknown,https://www.linkedin.com/in/faisal-aliyar-10b0a4361?miniProfileUrn=urn%3Ali%3Afsd_profile%3AACoAAFnkVZsBcQpX7lApKDqh6z9OjMiITuqiWvA,https://www.linkedin.com/feed/post/d9dcd67f1b49,"âš™ï¸ â€œThe Engineers Who Move the Unseenâ€ They say mechanical engineers build machines. But truth is â€” they translate forces into forms. Every rotation carries a whisper of the cosmos. Every gear, a...",1,10,4
2025-11-08,Unknown,https://www.linkedin.com/in/hamoud-al-sabri-3b49781b8?miniProfileUrn=urn%3Ali%3Afsd_profile%3AACoAADKwWzgBjSjhsnP_6jbBijyGZBPwkTW3KfA,https://www.linkedin.com/feed/post/a18630be6a26,Ù…Ø±Ø­Ø¨Ù‹Ø§ Ø¨Ø§Ù„Ø¬Ù…ÙŠØ¹. Ø£Ø¨Ø­Ø« Ø¹Ù† ÙˆØ¸ÙŠÙØ© Ø¬Ø¯ÙŠØ¯Ø© ÙˆØ³Ø£ÙƒÙˆÙ† Ù…Ù…ØªÙ†Ù‹Ø§ Ù„Ø¯Ø¹Ù…ÙƒÙ…. Ø¥Ø°Ø§ Ø³Ù…Ø¹ØªÙ… Ø¹Ù† Ø£ÙŠ ÙØ±Øµ Ù…Ù‡Ù†ÙŠØ© Ø£Ùˆ Ø¥Ø°Ø§ ÙƒÙ†ØªÙ… ØªØ±ØºØ¨ÙˆÙ† ÙÙ‚Ø· ÙÙŠ Ø§Ù„Ø§Ø·Ù„Ø§Ø¹ Ø¹Ù„Ù‰ Ø¢Ø®Ø± Ø§Ù„Ù…Ø³ØªØ¬Ø¯Ø§ØªØŒ ÙÙŠÙØ±Ø¬Ù‰ Ø¥Ø±Ø³Ø§Ù„ Ø±Ø³Ø§Ù„Ø© Ø£Ùˆ ÙƒØªØ§Ø¨Ø© ØªØ¹Ù„ÙŠÙ‚ Ø£Ø¯Ù†Ø§Ù‡. Ø£Ø±ØºØ¨ ÙÙŠ Ø§Ù„ØªÙˆØ§ØµÙ„ Ù…Ø¹ÙƒÙ…...,1,2,1
2025-11-08,Unknown,https://www.linkedin.com/in/subhashmurugan27?miniProfileUrn=urn%3Ali%3Afsd_profile%3AACoAAD25UDwBi_TilagBjCfJYYwV4FXg9nMvbxs,https://www.linkedin.com/feed/post/edbdcf129091,"â€œEntry-level Software Engineer with knowledge in Python & SQL. Skilled in problem-solving and software development, seeking to contribute to innovative IT projects and grow as a technology...",1,3,0
2025-11-08,Unknown,https://www.linkedin.com/in/arvind-dhasmana-4bb756241?miniProfileUrn=urn%3Ali%3Afsd_profile%3AACoAADwW5E8BNF72DdDe_xlv6cmrz58os2kbrq0,https://www.linkedin.com/feed/post/8deff4e196ab,"Sharing an inspiring Golang Engineer post, for those who build the backbone of every data-driven decision! hashtag #Careerlytech hashtag #GolangEngineer hashtag #DataEngineering hashtag #BigData...",1,26,5
2025-11-08,Unknown,https://www.linkedin.com/in/dr-anne-kathrin-br%C3%A4u-she-her-96857719b?miniProfileUrn=urn%3Ali%3Afsd_profile%3AACoAAC7kV6ABPjOJS5oBQgq4oa2cwbhaqIRrBJA,https://www.linkedin.com/feed/post/a9dd3b606059,"AI will be the decisive factor for any future-oriented decision, be aware of it, train yourself in it, and develop consequences out of it! hashtag #IaminAI",1,20,3
2025-11-08,Unknown,https://www.linkedin.com/in/khadija14?miniProfileUrn=urn%3Ali%3Afsd_profile%3AACoAADWpLFsBWrj0H86aO08Xv91fjZjtEpa7gbE,https://www.linkedin.com/feed/post/3fcb4e0ff272,"AI is evolving faster than we ever imagined - from automating tasks to reasoning, creating, and even learning independently. Many experts now believe weâ€™re inching closer to AGI (Artificial General...",1,4,0
2025-11-08,Unknown,https://www.linkedin.com/in/engr-ahmad-malik-1089181a8?miniProfileUrn=urn%3Ali%3Afsd_profile%3AACoAADCLs5gBNzgXnMIIVOwyySflKeLa5gHvTkE,https://www.linkedin.com/feed/post/4919009ad5cb,"Artificial Intelligence (AI): The theory and development of computer systems able to perform tasks that typically require human intelligence, such as visual perception, speech recognition, and...",1,15,5
2025-11-08,Unknown,https://www.linkedin.com/in/usmanazhar95?miniProfileUrn=urn%3Ali%3Afsd_profile%3AACoAAB67hFgB5h1vH1zESkRat2WEm50jJRobCtQ,https://www.linkedin.com/feed/post/c2544b549407,"Artificial Intelligence is reshaping how we work, collaborate, and make decisions â€” itâ€™s no longer a distant concept, but part of our everyday life. hashtag #AI hashtag #DigitalTransformation hashtag...",1,2,0
2025-11-08,Unknown,https://www.linkedin.com/in/rohan-ganesh-1099ba1b8?miniProfileUrn=urn%3Ali%3Afsd_profile%3AACoAADKxqxkBNp7ZVXR9mP9cBVVbThNi2N9-p-k,https://www.linkedin.com/feed/post/1464a866aa81,"We're officially growing! ğŸš€ Welcoming the first cohort to F.A.S.T.! I am incredibly proud and excited to announce that we have successfully held the very first induction for our newly founded club,...",1,31,3
2025-11-08,Unknown,https://www.linkedin.com/in/ariseanuj?miniProfileUrn=urn%3Ali%3Afsd_profile%3AACoAACNvZHQBXYUuq0mGFWQo4Wc8QtxSVWZosyY,https://www.linkedin.com/feed/post/acd4a426842b,"Founders are judged every moment!!! Every word we say. Every decision we take. Family, friends, customers, prospects â€” everyone has a different lens, a different metric. But one question always finds...",1,11,1
2025-11-08,Unknown,https://www.linkedin.com/in/prabhat-sahu-26b556206?miniProfileUrn=urn%3Ali%3Afsd_profile%3AACoAADRoGvMBRxM3ZecjvVKCZQvZ0xTrywyWiAY,https://www.linkedin.com/feed/post/335cfb657329,ğŸš€ Looking for Passionate Foundries Members! Hi everyone! Iâ€™m excited to share that Iâ€™m in the early phase of building a startup â€” and Iâ€™m looking for like-minded people who are passionate about...,1,1,0
2025-11-08,Unknown,https://www.linkedin.com/in/nethravathi-narayanaswamy-mapm-b041ba32?miniProfileUrn=urn%3Ali%3Afsd_profile%3AACoAAAbK8LQBX9eXKn1qtHLS3DvBdmoRnJ5qcUo,https://www.linkedin.com/feed/post/d8fc31a25e98,"ğŸš¨ Founding Team Alert! Weâ€™re building FINREDâ€”your smart investing companion. Portfolio tracker, buy-the-dip screener, insight engine. All in one sleek web app. Retail investors in India deserve...",1,3,0
2025-11-08,Arik Willner,https://www.linkedin.com/in/arik-willner-81b72744/,https://www.linkedin.com/feed/post/97317fab4715,Weâ€™re officially live. Today marks a special moment: our CEO Arik Willner and the founding team kick off the journey to build Impossible Founders â€“ Hamburgâ€™s new Startup Factory for science-based...,1,297,25
2025-11-08,Unknown,https://www.linkedin.com/in/shashank-chand-4a4b05161?miniProfileUrn=urn%3Ali%3Afsd_profile%3AACoAACbI-HwB-Aatr9yweEved6LE4RhEdKKUa6o,https://www.linkedin.com/feed/post/25249916ee25,"ğŸš€ Building the Digital Home for Founders in Every Industry India has 1.2 million founders - from tech innovators to fashion disruptors, D2C builders, SaaS founders, fintech creators, edtech pioneers,...",1,17,4
2025-11-08,Unknown,https://www.linkedin.com/in/%D0%BC%D0%B0%D0%B4%D0%B8%D1%8F%D1%80-%D1%81%D0%B5%D1%80%D0%B8%D0%BA%D0%B1%D0%B0%D0%B5%D0%B2-877638250?miniProfileUrn=urn%3Ali%3Afsd_profile%3AACoAAD4HtdsB0zxc_BE-5N4WtTxb2U2-OeQL2Ws,https://www.linkedin.com/feed/post/9163119c70d1,"Ğ—Ğ´Ñ€Ğ°Ğ²ÑÑ‚Ğ²ÑƒĞ¹Ñ‚Ğµ. Ğ¯ Ğ¸Ñ‰Ñƒ Ğ½Ğ¾Ğ²ÑƒÑ Ñ€Ğ°Ğ±Ğ¾Ñ‚Ñƒ Ğ¸ Ğ±ÑƒĞ´Ñƒ Ğ¿Ñ€Ğ¸Ğ·Ğ½Ğ°Ñ‚ĞµĞ»ĞµĞ½(Ğ»ÑŒĞ½Ğ°) Ğ²Ğ°Ğ¼ Ğ·Ğ° Ğ¿Ğ¾Ğ¼Ğ¾Ñ‰ÑŒ. Ğ•ÑĞ»Ğ¸ Ğ²Ğ°Ğ¼ Ğ¸Ğ·Ğ²ĞµÑÑ‚Ğ½Ğ¾ Ğ¾ ĞºĞ°Ñ€ÑŒĞµÑ€Ğ½Ñ‹Ñ… Ğ²Ğ¾Ğ·Ğ¼Ğ¾Ğ¶Ğ½Ğ¾ÑÑ‚ÑÑ… Ğ¸Ğ»Ğ¸ ĞµÑĞ»Ğ¸ Ğ²Ñ‹ Ğ¿Ñ€Ğ¾ÑÑ‚Ğ¾ Ñ…Ğ¾Ñ‚Ğ¸Ñ‚Ğµ Ğ¿Ğ¾Ğ¾Ğ±Ñ‰Ğ°Ñ‚ÑŒÑÑ, Ğ¾Ñ‚Ğ¿Ñ€Ğ°Ğ²ÑŒÑ‚Ğµ Ğ¼Ğ½Ğµ ÑĞ¾Ğ¾Ğ±Ñ‰ĞµĞ½Ğ¸Ğµ Ğ¸Ğ»Ğ¸ Ğ¾ÑÑ‚Ğ°Ğ²ÑŒÑ‚Ğµ...",1,9,0
2025-11-08,Unknown,https://www.linkedin.com/in/akshay-thanai?miniProfileUrn=urn%3Ali%3Afsd_profile%3AACoAAAslMy8B0z4O5g_91hie14WU0LTBQwjeeFY,https://www.linkedin.com/feed/post/4327b0c317ce,"If youâ€™re an experienced React Developer who thrives in solving complex UI challenges, collaborating cross-functionally, and working on impactful digital products â€” weâ€™d love to hear from you....",1,11,4
2025-11-08,Unknown,https://www.linkedin.com/in/evans-kosgei-kibiwott?miniProfileUrn=urn%3Ali%3Afsd_profile%3AACoAADTuipEBzr6zf4VJopuz4z5M1mYS_iJzOqE,https://www.linkedin.com/feed/post/87cc7c2c5862,Being a developer means living in the balance between â€œThis should be easy.â€ and â€œWhy is this impossible?â€ â€¦more,1,0,0
2025-11-08,Unknown,https://www.linkedin.com/in/ihthisham-raafee-96404423b?miniProfileUrn=urn%3Ali%3Afsd_profile%3AACoAADug1FwBPNWKO-zGAdWR-EcpBTaEqgUH2-8,https://www.linkedin.com/feed/post/9c91c568e47d,"Thrilled to share my latest personal project: a full-stack stock trading platform built from the ground up with the MERN stack! This application simulates a complete trading experience, demonstrating...",1,16,2
2025-11-08,Unknown,https://www.linkedin.com/in/varsha-reddy-292aa819b?miniProfileUrn=urn%3Ali%3Afsd_profile%3AACoAAC74SY4B6gLOuu0iJDmmyPxs2w_QJVHB3qk,https://www.linkedin.com/feed/post/56f4b610dec3,We are Hiring hashtag #Pyhtonfullstackdeveloper,1,4,1
2025-11-08,Unknown,https://www.linkedin.com/in/skynet4bot?miniProfileUrn=urn%3Ali%3Afsd_profile%3AACoAADYR4tYBvqwHBZHp2HtMmIvBDChbwrcA4fM,https://www.linkedin.com/feed/post/8f5d540f7f7e,"LLM stands for ""Large Language Model"". LLMs are a type of artificial intelligence (AI) that are trained on huge datasets of text data. They're designed to understand and generate human...",1,6,2
2025-11-08,Unknown,https://www.linkedin.com/in/reddybabuds?miniProfileUrn=urn%3Ali%3Afsd_profile%3AACoAABnYqAIBPspKJMdhIGWma9WhDnQ_pmsD5uQ,https://www.linkedin.com/feed/post/21b1d7e525ca,We are looking for Senior and Lead Data Scientist for our consulting team. Candidate must have with 4+yrs of hands on exp in >Building Machin learning models for Demand planning >Time series...,1,19,1
2025-11-08,Unknown,https://www.linkedin.com/in/naiyarashfaque?miniProfileUrn=urn%3Ali%3Afsd_profile%3AACoAADaNzM4BO_FEXqyuBSdppByQwpZJ0tVTZos,https://www.linkedin.com/feed/post/6b88df62f871,"ğƒğšğ­ğš ğ€ğ§ğšğ¥ğ²ğ¬ğ­ ğ¯ğ¬. ğƒğšğ­ğš ğ’ğœğ¢ğğ§ğ­ğ¢ğ¬ğ­ â€“ ğ–ğ¡ğšğ­â€™ğ¬ ğ­ğ¡ğ ğƒğ¢ğŸğŸğğ«ğğ§ğœğ? In todayâ€™s data-driven world, both Data Analysts and Data Scientists play crucial rolesâ€”but their focus, tools, and responsibilities are quite...",1,97,4
2025-11-08,Unknown,https://www.linkedin.com/in/abhishek-chawda?miniProfileUrn=urn%3Ali%3Afsd_profile%3AACoAAEOjQZMBUQOCGy1SupTH0b-LA-ocfQVeD84,https://www.linkedin.com/feed/post/e94c8c17bac4,"ğŸ” ğƒğšğ­ğš ğ€ğ§ğšğ¥ğ²ğ¬ğ­ ğ¯ğ¬. ğƒğšğ­ğš ğ’ğœğ¢ğğ§ğ­ğ¢ğ¬ğ­ â€“ ğ–ğ¡ğšğ­â€™ğ¬ ğ­ğ¡ğ ğƒğ¢ğŸğŸğğ«ğğ§ğœğ? In todayâ€™s data-driven world, both Data Analysts and Data Scientists play crucial rolesâ€”but their focus, tools, and responsibilities are...",1,15,0
2025-11-08,Unknown,https://www.linkedin.com/in/shivani-satheesh-b8866a15b?miniProfileUrn=urn%3Ali%3Afsd_profile%3AACoAACZc6BgBaqD98zWlfRaAXHP-Trcm1CNgs9I,https://www.linkedin.com/feed/post/c4697f52e258,Flyingo International is hashtag #hiring. Apply or DM if the role is relevant to your profile. hashtag #trivandrumjobs â€¦more,1,5,0
2025-11-08,Unknown,https://www.linkedin.com/in/nehmatmongia?miniProfileUrn=urn%3Ali%3Afsd_profile%3AACoAADLNN7MBbqUoLYu61OYlQ3KTSa0pAi7z1B8,https://www.linkedin.com/feed/post/9113c8c721c8,Iâ€™m hashtag #hiring. Know anyone who might be interested? ğŸ‘‹ğŸ˜Š,1,0,0
2025-11-08,Unknown,https://www.linkedin.com/in/snehasurendran?miniProfileUrn=urn%3Ali%3Afsd_profile%3AACoAADfT3NIBwHsKcEh7TEC8ksC9mhjtiiGL5R0,https://www.linkedin.com/feed/post/e92af8a59ec9,Iâ€™m hashtag #hiring. Know anyone who might be interested?,1,0,0
2025-11-08,Unknown,https://www.linkedin.com/in/sayansantra96?miniProfileUrn=urn%3Ali%3Afsd_profile%3AACoAABpYn2QB-fchqAQ3c1CX1IK7IjR8OhwMZE4,https://www.linkedin.com/feed/post/a6fefab90728,Iâ€™m hashtag #hiring. Know anyone who might be interested? hashtag #nbfc hashtag #kolkatajobs hashtag #kolkata hashtag #sales hashtag #manager hashtag #bajaj hashtag #fresher hashtag #mba â€¦more,1,5,2
2025-11-08,Unknown,https://www.linkedin.com/in/cashubhamburad?miniProfileUrn=urn%3Ali%3Afsd_profile%3AACoAACjr5tsBb0Qf6ydK4Yn1zCRFOt2V9efDiMU,https://www.linkedin.com/feed/post/19889a725a9e,We are actively hashtag #hiring! Know anyone who might be interested?,1,0,0
2025-11-08,Unknown,https://www.linkedin.com/in/sandesh-kumar-1b00a8244?miniProfileUrn=urn%3Ali%3Afsd_profile%3AACoAADyGoRQBo6Q4irlhlT8YXGHvl8Ai2IAf1yc,https://www.linkedin.com/feed/post/022b89d573a2,"ğŸŒŸ We're calling the O.G. gang to reshape the construction industry with cutting-edge SaaS! ğŸŒŸ The construction world is ripe for innovation, and we're building the solution. Our pre-launch startup...",1,21,9
2025-11-08,Unknown,https://www.linkedin.com/in/manvik-sherawat-7a2576317?miniProfileUrn=urn%3Ali%3Afsd_profile%3AACoAAFBaD-oBA_N6hhcC6PIR9meEMaOw-dcH0yQ,https://www.linkedin.com/feed/post/43c7ace8181f,Subject: Join Our Revolution ğŸš€ | Founding Dietitian/Advisor (Equity Role) Ready to build a legacy? âœ¨ We're a new health-tech startup with a huge mission: using food as medicine to solve India's...,1,36,70
2025-11-08,Unknown,https://www.linkedin.com/in/adityaguptaiiitm?miniProfileUrn=urn%3Ali%3Afsd_profile%3AACoAAAGCcmMBO-Cw9Lq3kwKCiF7Ba8BXoLgQHzc,https://www.linkedin.com/feed/post/ddca5865d910,Looking for android engineers. Apply -> https://lnkd.in/gtMbw9vv hashtag #android hashtag #startup hashtag #FoundingTeam hashtag #TechJobs hashtag #hiring â€¦more,1,11,1
2025-11-08,Unknown,https://www.linkedin.com/in/oliviadeka?miniProfileUrn=urn%3Ali%3Afsd_profile%3AACoAABp7JV8BasBIZaJK4x1sKaIY3O6zoRAykmY,https://www.linkedin.com/feed/post/6e06d534d95d,hashtag #hiringalert - building The Capital Room has been the most intuitive and intentional thing iâ€™ve ever done in many years post she-for-change. over the past 3 months we have built a network of...,1,59,12
2025-11-08,Unknown,https://www.linkedin.com/in/ankitabrol?miniProfileUrn=urn%3Ali%3Afsd_profile%3AACoAAAT1ON4BiZuj8urO3xhAONOX1auaIautfjw,https://www.linkedin.com/feed/post/1c4ecbc0f1b0,"ğŸš€ Big News! Talenode is hiring our first team member! If youâ€™re passionate about HR, data, and creating real impact, this is your chance to join us as a Founding Staff Member. At Talenode, weâ€™re...",1,43,6
2025-11-08,YASH PANDEY,https://www.linkedin.com/in/yashpandey04?miniProfileUrn=urn%3Ali%3Afsd_profile%3AACoAAEynA6cBrlWaaOC1_uyoBNF6zgFHEJl1c80,https://www.linkedin.com/feed/post/686577dc2fc8,"ğ…ğ˜25-26 ğŒğğ€ ğ‘ğğ¯ğ¢ğğ° @ Narsee Monjee Institute of Management Studies (NMIMS) Navi Mumbai ğŸ§  1. Built a 200-student community named ""ğŒğšğ¬ğ­ğğ«ğ¦ğ¢ğ§ğ"" that engages business graduates to think and do what we...",0,0,4
2025-11-08,Unknown,https://www.linkedin.com/in/chhitrasubramaniam?miniProfileUrn=urn%3Ali%3Afsd_profile%3AACoAAAIYjyoB3L92Jc89Jx5ht0VTQwvP_cueiXE,https://www.linkedin.com/feed/post/a33541fdae8d,"They tried to master life. Instead, they awakened death - welcome to Anomie. Starring Bhavana Menon and Rahman Written and Directed by Riyas Marath hashtag #DrRoyCj hashtag #KumarMangatPathak hashtag...",0,0,5
2025-11-08,Unknown,,https://www.linkedin.com/feed/post/f51791f726ae,hashtag #TechResearchInsights hashtag #MarketSurveyData hashtag #EmergingTechInsights hashtag #ResearchAndInnovation hashtag #MarketSizeTrends hashtag #SurveyAnalytics hashtag #DataDrivenInsights...,0,0,0
2025-11-08,Unknown,https://www.linkedin.com/in/ritwik-dutta-verifiedrecruiter002?miniProfileUrn=urn%3Ali%3Afsd_profile%3AACoAADHaP2kBa0Unfvd32pBheTKbEpSieixCqTw,https://www.linkedin.com/feed/post/e168129fcab5,Remember! Small things do matter. Small steps make big differences. Small changes can lead to better outcomes. Agreed? There is also a thin line of difference that you need to understand. You can not...,0,189,62
2025-11-08,Unknown,https://www.linkedin.com/in/mrunmayi-jadhav6704?miniProfileUrn=urn%3Ali%3Afsd_profile%3AACoAAERYdQwBzBQF0y03JDhGgJjfS-9fOAFBpvQ,https://www.linkedin.com/feed/post/3edd3eb7ce5d,Iâ€™m happy to share that Iâ€™ve obtained a new certification: AWS Certifications from Amazon Web Services (AWS)!,0,0,1
2025-11-08,Unknown,https://www.linkedin.com/in/shreshtha-parsai-070446321?miniProfileUrn=urn%3Ali%3Afsd_profile%3AACoAAFFmrNQByZi7yK_abGJKnbJ_3sxZYlgggRA,https://www.linkedin.com/feed/post/55602ea9e497,"Tum to Dalmia ho. Dalmia log to sab business tycoons hote hai. People hear my surname and instantly assume I am rich. The moment I say â€œHi I am Naman Dalmiaâ€, the reactions begin - â€œOh Dalmia...",0,0,8
2025-11-08,Unknown,https://www.linkedin.com/in/kanika-jain-352586201?miniProfileUrn=urn%3Ali%3Afsd_profile%3AACoAADOFPm4BcNeUyLhiFQODfnPw4SugVZ8zlpI,https://www.linkedin.com/feed/post/0df143e78740,"HR: What was your previous monthly salary? Candidate: â‚¹28,000. HR: We can offer â‚¹30,000. It's a reasonable increase. Candidate: Considering my skills, certifications, and experience, I was expecting...",0,1317,45
2025-11-08,Unknown,,https://www.linkedin.com/feed/post/da2117f23d1e,"Architecture Connects People and we practice it at NMIMS School of Architecture. What started as a classroom project became something truly meaningful. 3rd Year students of BSSA, guided by Asst....",0,28,0
2025-11-08,Unknown,https://www.linkedin.com/in/mohammed-ahadullah-962951200?miniProfileUrn=urn%3Ali%3Afsd_profile%3AACoAADNlzRoB16Oq8SN7VUVlDLh5L6OXHuw0M3I,https://www.linkedin.com/feed/post/833695aaa983,"ğŸš¨ Job Scam Alert â€” Please Stay Aware! ğŸš¨ Recently, I came across some fake job postings claiming to offer remote or UAE-based positions (for example, from Abu Dhabi or Dubai). These scammers usually:...",0,154,9
2025-11-08,Unknown,https://www.linkedin.com/in/somdip-roy-b8004b111?miniProfileUrn=urn%3Ali%3Afsd_profile%3AACoAABvy5NABoT-AIpVmacxzoRYedcNAEuV1GRQ,https://www.linkedin.com/feed/post/dc265357dfa0,Shopify can only connect with Square using a 3rd party integrator. Now why use StoreHub instead of another? Well first of all its free for life if you onboard within the next 6 weeks. Thats always...,0,0,0
2025-11-08,Unknown,https://www.linkedin.com/in/abhinavjee?miniProfileUrn=urn%3Ali%3Afsd_profile%3AACoAAAGzmXsB6nN6-0pIe3bzLyrVOPejWNguyLA,https://www.linkedin.com/feed/post/4d679faa95ef,"So many connection requests on LInkedin.... and then silence. 99% never follow up.... No note. No hello. Nothing. Itâ€™s like matching on a dating app, and then both people staring at each other to see...",0,296,65
2025-11-08,Unknown,https://www.linkedin.com/in/sreev123?miniProfileUrn=urn%3Ali%3Afsd_profile%3AACoAAEU6D6sBwvy1NRS5kNIxbhP1ZRS2rXfJIGc,https://www.linkedin.com/feed/post/212b86c9ec35,Iâ€™m happy to share that Iâ€™ve obtained a new certification: AWS Academy Graduate - Cloud Architecting from Amazon Web Services (AWS)!,0,0,1
2025-11-08,Unknown,https://www.linkedin.com/in/antonio-frizzo-84571218b?miniProfileUrn=urn%3Ali%3Afsd_profile%3AACoAACzHJzUBzGIj2tAhFKqhSJDO30RGlYf61Dw,https://www.linkedin.com/feed/post/a450712e2edf,"Ok guys, letâ€™s boost up this new research!",0,14,1
2025-11-08,Unknown,https://www.linkedin.com/in/jaya-upadhyay-hr-8201231ab?miniProfileUrn=urn%3Ali%3Afsd_profile%3AACoAADD2NtgB5WRY_h1weZI1n3bQQ8traxd2iFM,https://www.linkedin.com/feed/post/95f5788a59c8,Are you looking for a flexible way to earn income from the comfort of your home? Weâ€™re excited to announce new remote work opportunities for motivated and reliable individuals! ğŸ’¼ Position: [HR...,0,5,4
2025-11-08,Unknown,https://www.linkedin.com/in/ali-godrej-patel?miniProfileUrn=urn%3Ali%3Afsd_profile%3AACoAABhb5-ABgeDT0kgxsuLLG5Z6oGeoLexQc7E,https://www.linkedin.com/feed/post/54b0742993de,Consider yourself blessed if you work for Swati. Don't miss out if you can.,0,5,0
2025-11-08,Unknown,https://www.linkedin.com/in/yolandi-venter-84a515245?miniProfileUrn=urn%3Ali%3Afsd_profile%3AACoAADzEQ3oBHN-LUgy6Cz4w5djuw_VB409PfHI,https://www.linkedin.com/feed/post/45fd27120b21,Powering up the week with insight from the experts! Electrical Engineers are the spark behind every successful project â€” from automation systems and substations to PLCs and control panels. Your work...,0,0,0
2025-11-08,Unknown,https://www.linkedin.com/in/akashrobert?miniProfileUrn=urn%3Ali%3Afsd_profile%3AACoAAABi8aMBKqw3QwHCuTW7pojBQMTfhh1qCZk,https://www.linkedin.com/feed/post/6ba072d77464,"Guys this is one of those job opportunites with a hidden , rare perk. Muhammad Khan for a career coach.",0,5,0
2025-11-08,Unknown,,https://www.linkedin.com/feed/post/116df9330fef,"Engineering progress isnâ€™t just about technology â€“ itâ€™s about mindset. âš™ï¸ğŸ’¡ The way we approach challenges determines how we innovate, collaborate and shape a more sustainable future. What mindset do...",0,28,8
2025-11-08,Unknown,https://www.linkedin.com/in/rambhutani?miniProfileUrn=urn%3Ali%3Afsd_profile%3AACoAAA0H5SUB58Dr7frEU_dM1wanEefUecthBYM,https://www.linkedin.com/feed/post/4c0ca6e16982,The importance of generating and capturing data across supply chain and manufacturing couldn't be highlighted better!,0,7,0
2025-11-08,Unknown,https://www.linkedin.com/in/fcs-chandan-jha-0b3b5930?miniProfileUrn=urn%3Ali%3Afsd_profile%3AACoAAAaT1kcBdL9vcpCzF1_1wlZPmvXd68p5BO4,https://www.linkedin.com/feed/post/2148bee8f035,"Why Founders Should Focus on Building Teams, Not Just Products In the early stages of a startup, founders often pour all their energy into perfecting the product â€” refining features, finding...",0,8,1
2025-11-08,Unknown,https://www.linkedin.com/in/ahome-automation-50551136a?miniProfileUrn=urn%3Ali%3Afsd_profile%3AACoAAFuOdpUBdqYz4S-YE4GDt5zddJNKi3Xd6II,https://www.linkedin.com/feed/post/451754720851,having team is always better than working as a solo founder. just like living in the smart home is better than living in the manual home.,0,3,0
2025-11-08,Unknown,https://www.linkedin.com/in/chiranjiv-patel-173694bb?miniProfileUrn=urn%3Ali%3Afsd_profile%3AACoAABmNLOcB_ncofjE8CbfG-2Kh_Ma-wpYezPw,https://www.linkedin.com/feed/post/f2ca32cdd723,"Building a good team starts with trust. Until you start trusting your people, you canâ€™t grow together.",0,16,0
2025-11-08,Unknown,https://www.linkedin.com/in/rajesh-r-k-a436128a?miniProfileUrn=urn%3Ali%3Afsd_profile%3AACoAABL0zFMBPszQJrEtMfDLCvGGf3LaeOefPOc,https://www.linkedin.com/feed/post/ee5b9b967684,https://lnkd.in/dJp4qVQt Machine Learning model using Teachable Machine,0,6,0
